0000010000,613.9,['B-']
0010010000,Inf,None
0010020000,Inf,None
0010030000,388523520.0,['B-']
0010040000,None,['N']
0010050000,None,['N']
0010060000,None,['N']
0010070000,None,[]
0020030000,Inf,None
0020040000,Inf,None
0020050000,None,['A', 'N']
0020060000,0.8067000000000001,['B-']
0020070000,None,[]
0020080000,0.1191,[]
0020090000,7e-21,['N']
0020100000,None,['N']
0030040000,None,['P']
0030050000,None,['P', 'A']
0030060000,Inf,None
0030070000,Inf,None
0030100000,None,['N']
0030110000,0.00859,['B-']
0030120000,1e-08,[]
0040050000,None,[]
0040060000,None,['P']
0040070000,4598208.0,['EC']
0040080000,None,['A']
0040090000,Inf,None
0040100000,47619360000000.0,['B-']
0040110000,13.81,['B-', 'BA']
0040120000,0.0213,['B-']
0040130000,2.7e-21,[]
0040140000,0.00435,['B-', 'BN', 'N']
0040150000,2.0000000000000002e-07,[]
0040160000,2.0000000000000002e-07,[]
0050060000,None,[]
0050070000,None,[]
0050080000,0.77,['EC', 'EA']
0050090000,None,['P']
0050100000,Inf,None
0050110000,Inf,None
0050120000,0.0202,['B-']
0050130000,0.01736,['B-']
0050140000,0.0125,['B-']
0050150000,0.00993,['B-', 'BN', 'N']
0050160000,None,[]
0050170000,0.00508,['B-', 'N', 'N']
0050180000,2.6e-08,[]
0050190000,0.00292,['B-', 'BN', 'N']
0060080000,None,['P']
0060090000,0.1265,['EC', 'EP', 'EA']
0060100000,19.29,[]
0060110000,1223.1,[]
0060120000,Inf,None
0060130000,Inf,None
0060140000,179755200000.0,['B-']
0060150000,2.449,['B-']
0060160000,0.747,['B-', 'BN']
0060170000,0.193,['B-', 'BN']
0060180000,0.092,['B-', 'BN']
0060190000,0.049,['BN']
0060200000,0.014,['B-', 'BN']
0060210000,3.0000000000000004e-08,[]
0060220000,0.0060999999999999995,['B-', 'BN', 'N']
0070100000,None,['P']
0070110000,None,['P']
0070120000,0.011,[]
0070130000,597.9,[]
0070140000,Inf,None
0070150000,Inf,None
0070160000,7.13,[]
0070170000,4.171,[]
0070180000,0.624,['B-', 'BN', 'BA']
0070190000,0.271,['B-', 'BN']
0070200000,0.13,['B-', 'BN']
0070210000,0.085,['B-', 'BN']
0070220000,0.024,['B-', 'BN', 'N']
0070230000,0.0145,['B-']
0070240000,5.2e-08,[]
0070250000,2.6e-07,[]
0080120000,None,[]
0080130000,0.00858,['EC', 'EP']
0080140000,70.606,[]
0080150000,122.24,[]
0080160000,Inf,None
0080170000,Inf,None
0080180000,Inf,None
0080190000,26.88,['B-']
0080200000,13.51,['B-']
0080210000,3.42,['B-']
0080220000,2.25,['B-', 'BN']
0080230000,0.082,['B-', 'BN']
0080240000,0.065,['B-', 'BN']
0080250000,5.0000000000000004e-08,[]
0080260000,4e-08,[]
0080270000,2.6e-07,[]
0080280000,1.0000000000000001e-07,[]
0090140000,None,[]
0090150000,None,['P']
0090160000,None,['P']
0090170000,64.49,[]
0090180000,6586.2,[]
0090190000,Inf,None
0090200000,11.163,['B-']
0090210000,4.158,['B-']
0090220000,4.23,['B-']
0090230000,2.23,['B-']
0090240000,0.39,['B-', 'BN']
0090250000,0.05,['B-', 'BN']
0090260000,0.0096,['B-', 'BN']
0090270000,0.005,['B-', 'BN']
0090280000,4e-08,['B-']
0090290000,0.0025,['B-', 'BN']
0090300000,2.6e-07,[]
0090310000,2.5000000000000004e-07,[]
0100160000,None,['P']
0100170000,0.1092,['EP', 'EC']
0100180000,1.672,[]
0100190000,17.22,[]
0100200000,Inf,None
0100210000,Inf,None
0100220000,Inf,None
0100230000,37.24,['B-']
0100240000,202.79999999999998,['B-']
0100250000,0.602,['B-']
0100260000,0.197,[]
0100270000,0.032,['B-', 'BN']
0100280000,0.0189,['B-', 'BN', 'N']
0100290000,0.0148,['B-', 'BN', 'N']
0100300000,0.0073,['B-', 'BN', 'N']
0100310000,0.0034,['B-']
0100320000,0.0035,['B-']
0100330000,1.8000000000000002e-07,[]
0100340000,6.000000000000001e-08,[]
0110180000,1.3e-21,[]
0110190000,4e-08,[]
0110200000,0.44789999999999996,['EC', 'EA']
0110210000,22.49,[]
0110220000,82078747.2,[]
0110230000,Inf,None
0110240000,53989.2,['B-']
0110240001,0.02018,[]
0110250000,59.1,['B-']
0110260000,1.077,['B-']
0110270000,0.301,[]
0110280000,0.0305,['B-']
0110290000,0.0449,['B-', 'BN']
0110300000,0.048,['B-', 'BN', 'N']
0110310000,0.017,['B-', 'BN']
0110320000,0.0132,['B-', 'BN', 'N']
0110330000,0.008,['B-', 'BN', 'N']
0110340000,0.0055,['B-', 'BN']
0110350000,0.0015,['B-']
0110360000,1.8000000000000002e-07,['B-']
0110370000,6.000000000000001e-08,[]
0120190000,None,['P']
0120200000,0.0908,['EC', 'EP']
0120210000,0.122,['EC', 'EP', 'EA']
0120220000,3.8755,[]
0120230000,11.317,['EC']
0120240000,Inf,None
0120250000,Inf,None
0120260000,Inf,None
0120270000,567.48,['B-']
0120280000,75294.0,['B-']
0120290000,1.3,['B-']
0120300000,0.335,['B-']
0120310000,0.232,['B-', 'BN']
0120320000,0.08600000000000001,['B-', 'BN']
0120330000,0.0905,['B-', 'BN']
0120340000,0.02,['B-']
0120350000,0.07,['B-', 'BN']
0120360000,0.0039,['B-']
0120370000,2.6e-07,['B-']
0120380000,2.6e-07,[]
0120390000,1.8000000000000002e-07,[]
0120400000,1.7000000000000001e-07,[]
0130210000,3.5e-08,[]
0130220000,0.059000000000000004,['EC', 'EP', 'EA']
0130230000,0.47000000000000003,['EC', 'EP']
0130240000,2.053,[]
0130240001,0.13,['IT', 'EC', 'EA']
0130250000,7.183,[]
0130260000,22611312000000.0,['EC']
0130260001,6.3452,['EC']
0130270000,Inf,None
0130280000,134.484,['B-']
0130290000,393.59999999999997,['B-']
0130300000,3.62,['B-']
0130310000,0.644,['B-']
0130320000,0.033,['B-']
0130330000,0.0417,['B-', 'BN']
0130340000,0.042,['B-', 'BN']
0130350000,0.0386,['B-', 'BN']
0130360000,0.09,['B-', 'BN']
0130370000,0.0107,['B-']
0130380000,0.0076,[]
0130390000,7.599999999999999e-06,[]
0130400000,2.6e-07,[]
0130410000,2.6e-07,['B-']
0130420000,1.7000000000000001e-07,[]
0140220000,0.029,['EC', 'EP']
0140230000,0.0423,['EC', 'EP', 'P']
0140240000,0.14,['EC', 'EP']
0140250000,0.22,['EC']
0140260000,2.234,[]
0140270000,4.16,['EC']
0140280000,Inf,None
0140290000,Inf,None
0140300000,Inf,None
0140310000,9438.0,['B-']
0140320000,4825008000.0,['B-']
0140330000,6.11,['B-']
0140340000,2.77,['B-']
0140350000,0.78,['B-']
0140360000,0.45,['B-', 'BN']
0140370000,0.09,['B-', 'BN']
0140380000,1e-06,[]
0140390000,0.0475,[]
0140400000,0.033,[]
0140410000,0.02,[]
0140420000,0.0125,['B-']
0140430000,6.000000000000001e-08,[]
0140440000,3.6000000000000005e-07,[]
0150240000,None,[]
0150250000,3.0000000000000004e-08,[]
0150260000,0.0437,['EC']
0150270000,0.26,['EC', 'EP']
0150280000,0.27030000000000004,[]
0150290000,4.142,[]
0150300000,149.88000000000002,[]
0150310000,Inf,None
0150320000,1232323.2,['B-']
0150330000,2189376.0,['B-']
0150340000,12.43,['B-']
0150350000,47.3,['B-']
0150360000,5.6,['B-']
0150370000,2.31,['B-']
0150380000,0.64,['B-', 'BN']
0150390000,0.28,['B-', 'BN']
0150400000,0.125,['B-', 'BN']
0150410000,0.1,['B-', 'BN']
0150420000,0.0485,['B-', 'BN']
0150430000,0.0365,['B-', 'BN']
0150440000,0.0185,[]
0150450000,2.0000000000000002e-07,['B-']
0150460000,2.0000000000000002e-07,['B-']
0160260000,0.01,[]
0160270000,0.0155,['EC', 'EP', 'P']
0160280000,0.125,['EC', 'EP']
0160290000,0.187,['EC', 'EP']
0160300000,1.178,[]
0160310000,2.572,[]
0160320000,Inf,None
0160330000,Inf,None
0160340000,Inf,None
0160350000,7560864.0,['B-']
0160360000,Inf,None
0160370000,303.0,['B-']
0160380000,10218.0,['B-']
0160390000,11.5,['B-']
0160400000,8.8,['B-']
0160410000,1.99,['B-']
0160420000,1.013,['B-']
0160430000,0.28,['B-', 'BN']
0160440000,0.1,['B-', 'BN']
0160450000,0.068,['B-', 'BN']
0160460000,0.05,['B-']
0160480000,2.0000000000000002e-07,['B-']
0160490000,2.0000000000000002e-07,[]
0170280000,None,[]
0170290000,2e-08,[]
0170300000,3.0000000000000004e-08,[]
0170310000,0.15,['EC', 'EP']
0170320000,0.298,['EC', 'EA', 'EP']
0170330000,2.511,['EC']
0170340000,1.5264,['EC']
0170340001,1920.0,[]
0170350000,Inf,None
0170360000,9492336000000.0,[]
0170370000,Inf,None
0170380000,2233.7999999999997,['B-']
0170380001,0.715,['IT']
0170390000,3336.0,['B-']
0170400000,81.0,['B-']
0170410000,38.4,['B-']
0170420000,6.8,['B-']
0170430000,3.13,['B-']
0170440000,0.56,['B-', 'BN']
0170450000,0.41300000000000003,['B-', 'BN']
0170460000,0.232,['B-', 'BN']
0170470000,0.101,['B-', 'BN']
0170480000,2.0000000000000002e-07,['B-']
0170490000,1.7000000000000001e-07,['B-']
0170500000,0.02,[]
0170510000,2.0000000000000002e-07,['B-']
0180300000,2e-08,[]
0180310000,0.0151,['EC', 'EP', 'P']
0180320000,0.098,['EC', 'EP']
0180330000,0.17300000000000001,['EC', 'EP']
0180340000,0.8445,['EC']
0180350000,1.775,['EC']
0180360000,Inf,None
0180370000,3027456.0,['EC']
0180380000,Inf,None
0180390000,8483184000.0,['B-']
0180400000,Inf,None
0180410000,6576.6,['B-']
0180420000,1037534400.0,['B-']
0180430000,322.2,['B-']
0180440000,712.1999999999999,['B-']
0180450000,21.48,['B-']
0180460000,8.4,['B-']
0180470000,1.23,['B-']
0180480000,0.47500000000000003,['B-']
0180490000,0.17,['B-', 'BN']
0180500000,0.085,['B-', 'BN']
0180510000,2.0000000000000002e-07,[]
0180520000,0.01,['B-']
0180530000,0.003,[]
0190320000,None,[]
0190330000,2.5000000000000002e-08,[]
0190340000,2.5000000000000002e-08,[]
0190350000,0.178,[]
0190360000,0.342,[]
0190370000,1.226,['EC']
0190380000,458.16,['EC']
0190380001,0.924,['EC']
0190390000,Inf,None
0190400000,3.9356928e+16,[]
0190410000,Inf,None
0190420000,44496.0,['B-']
0190430000,80280.0,['B-']
0190440000,1327.8,['B-']
0190450000,1068.6,['B-']
0190460000,105.0,['B-']
0190470000,17.5,['B-']
0190480000,6.8,['B-']
0190490000,1.26,['B-', 'BN']
0190500000,0.47200000000000003,['B-', 'BN']
0190510000,0.365,['B-', 'BN']
0190520000,0.105,['B-', 'BN']
0190530000,0.03,['B-', 'BN', 'N']
0190540000,0.01,['B-', 'BN']
0190550000,0.003,[]
0200340000,3.5e-08,['P']
0200350000,0.0257,['EC', 'EP', 'P']
0200360000,0.10200000000000001,['EC', 'EP']
0200370000,0.1811,['EC', 'EP']
0200380000,0.44,['EC']
0200390000,0.8596,['EC']
0200400000,9.4608e+28,[]
0200410000,3216672000000.0,['EC']
0200420000,Inf,None
0200430000,Inf,None
0200440000,Inf,None
0200450000,14049504.000000002,['B-']
0200460000,8.83008e+22,[]
0200470000,391910.39999999997,['B-']
0200480000,7.25328e+26,['B-']
0200490000,523.08,['B-']
0200500000,13.9,['B-']
0200510000,10.0,['B-']
0200520000,4.6,['B-', 'BN']
0200530000,0.09,['B-', 'BN']
0200540000,0.08600000000000001,['B-']
0200550000,0.022,['B-']
0200560000,0.01,[]
0200570000,0.005,[]
0210360000,None,[]
0210370000,None,[]
0210380000,None,[]
0210390000,3.0000000000000004e-07,['P']
0210400000,0.18230000000000002,['EC']
0210410000,0.5962999999999999,['EC']
0210420000,0.6808,['EC']
0210420001,62.0,['EC']
0210430000,14007.6,['EC']
0210440000,14292.0,['EC']
0210440001,210996.0,[]
0210450000,Inf,None
0210450001,0.318,['IT']
0210460000,7239456.000000001,['B-']
0210460001,18.75,['IT']
0210470000,289370.88,['B-']
0210480000,157212.0,['B-']
0210490000,3430.8,['B-']
0210500000,102.5,['B-']
0210500001,0.35,['IT']
0210510000,12.4,['B-']
0210520000,8.2,['B-']
0210530000,3.0,['B-']
0210540000,0.36,['B-']
0210550000,0.105,['B-']
0210560000,0.06,[]
0210570000,0.013000000000000001,['B-']
0210580000,0.012,['B-']
0210590000,0.01,[]
0210600000,0.003,['B-']
0220380000,1.2000000000000002e-07,[]
0220390000,0.031,['EC', 'EP']
0220400000,0.0533,['EC', 'EP']
0220410000,0.08040000000000001,['EC', 'EP']
0220420000,0.199,['EC']
0220430000,0.509,['EC']
0220440000,1892160000.0,['EC']
0220450000,11088.0,['EC']
0220460000,Inf,None
0220470000,Inf,None
0220480000,Inf,None
0220490000,Inf,None
0220500000,Inf,None
0220510000,345.59999999999997,['B-']
0220520000,102.0,['B-']
0220530000,32.7,['B-']
0220540000,1.5,['B-']
0220550000,1.3,['B-']
0220560000,0.2,['B-']
0220570000,0.06,['B-']
0220580000,0.059000000000000004,['B-']
0220590000,0.03,['B-']
0220600000,0.022,['B-']
0220610000,3.0000000000000004e-07,[]
0220620000,0.01,[]
0220630000,0.003,[]
0230400000,None,[]
0230410000,None,[]
0230420000,5.5e-08,[]
0230430000,0.8,['EC']
0230440000,0.111,[]
0230440001,0.15,[]
0230450000,0.547,[]
0230460000,0.4225,[]
0230460001,0.00102,['IT']
0230470000,1956.0,[]
0230480000,1380110.4,['EC']
0230490000,28512000.0,['EC']
0230500000,4.41504e+24,[]
0230510000,Inf,None
0230520000,224.57999999999998,['B-']
0230530000,92.58,['B-']
0230540000,49.8,['B-']
0230550000,6.54,['B-']
0230560000,0.216,['B-']
0230570000,0.35,['B-', 'BN']
0230580000,0.185,['B-']
0230590000,0.075,['B-']
0230600000,0.068,['B-']
0230610000,0.047,['B-']
0230620000,1.5000000000000002e-07,['B-']
0230630000,0.017,[]
0230640000,0.019,['B-']
0230650000,0.01,[]
0240420000,0.013000000000000001,['EC']
0240430000,0.0216,['EC', 'EP']
0240440000,0.053,['EC', 'EP']
0240450000,0.0609,['EC', 'EP']
0240460000,0.26,[]
0240470000,0.5,[]
0240480000,77616.0,['EC']
0240490000,2538.0,[]
0240500000,4.09968e+25,[]
0240510000,2393366.4,['EC']
0240520000,Inf,None
0240530000,Inf,None
0240540000,Inf,None
0240550000,209.82,['B-']
0240560000,356.40000000000003,['B-']
0240570000,21.1,['B-']
0240580000,7.0,['B-']
0240590000,0.46,['B-']
0240600000,0.49,['B-']
0240610000,0.27,['B-']
0240620000,0.19,['B-']
0240630000,0.129,['B-']
0240640000,0.043000000000000003,['B-']
0240650000,0.027,[]
0240660000,0.01,['B-']
0240670000,0.05,[]
0250440000,1.05e-07,[]
0250450000,7e-08,[]
0250460000,0.034,['EC', 'EP']
0250470000,0.1,['EC', 'EP']
0250480000,0.1581,['EC', 'EP']
0250490000,0.382,[]
0250500000,0.28319,['EC']
0250500001,105.0,['EC']
0250510000,2772.0,['EC']
0250520000,483062.4,['EC']
0250520001,1266.0,[]
0250530000,116683200000000.0,['EC']
0250540000,26961120.0,['EC']
0250550000,Inf,None
0250560000,9284.039999999999,['B-']
0250570000,85.4,['B-']
0250580000,3.0,['B-']
0250580001,65.4,['B-']
0250590000,4.59,['B-']
0250600000,51.0,['B-']
0250600001,1.77,['B-', 'IT']
0250610000,0.67,['B-']
0250620000,0.671,['B-']
0250620001,0.092,['B-']
0250630000,0.29,['B-']
0250640000,0.09,['B-', 'BN']
0250650000,0.092,['B-', 'BN']
0250660000,0.064,['B-', 'BN']
0250670000,0.047,['B-']
0250680000,0.028,['B-']
0250690000,0.014,['B-']
0260450000,0.00189,['EP', 'EC']
0260460000,0.013000000000000001,['EC']
0260470000,0.0219,['EC']
0260480000,0.044,['EC', 'EP']
0260490000,0.06470000000000001,['EC', 'EP']
0260500000,0.155,['EC', 'EP']
0260510000,0.305,['EC']
0260520000,29790.0,['EC']
0260520001,45.9,['EC']
0260530000,510.59999999999997,['EC']
0260530001,152.4,['IT']
0260540000,Inf,None
0260550000,86534784.0,['EC']
0260560000,Inf,None
0260570000,Inf,None
0260580000,Inf,None
0260590000,3844368.0,['B-']
0260600000,47304000000000.0,['B-']
0260610000,358.8,['B-']
0260620000,68.0,['B-']
0260630000,6.1,['B-']
0260640000,2.0,['B-']
0260650000,0.81,['B-']
0260650001,1.12,['B-']
0260660000,0.44,['B-']
0260670000,0.416,['B-']
0260680000,0.187,['B-']
0260690000,0.109,['B-']
0260700000,0.094,['B-']
0260710000,0.028,['B-']
0260720000,1.5000000000000002e-07,[]
0270490000,3.5e-08,[]
0270500000,0.044,['EC', 'EP']
0270510000,2.0000000000000002e-07,['EC']
0270520000,0.115,['EC']
0270530000,0.24,['EC']
0270530001,0.247,['EC', 'P']
0270540000,0.19328,['EC']
0270540001,88.8,['EC']
0270550000,63108.00000000001,['EC']
0270560000,6672931.2,['EC']
0270570000,23478336.0,['EC']
0270580000,6122304.0,['EC']
0270580001,32760.0,['IT']
0270590000,Inf,None
0270600000,166344192.0,['B-']
0270600001,628.02,[]
0270610000,5940.0,['B-']
0270620000,90.0,['B-']
0270620001,834.6,['B-', 'IT']
0270630000,27.4,['B-']
0270640000,0.3,['B-']
0270650000,1.16,['B-']
0270660000,0.2,['B-']
0270670000,0.425,['B-']
0270680000,0.199,['B-']
0270680001,1.6,['B-']
0270690000,0.22,['B-']
0270700000,0.11900000000000001,['B-']
0270700001,0.5,['B-']
0270710000,0.079,['B-', 'BN']
0270720000,0.0599,['B-']
0270730000,0.041,['B-']
0270740000,0.03,['B-']
0270750000,0.034,['B-']
0280480000,0.0021000000000000003,[]
0280490000,0.0075,['EC', 'EP']
0280500000,0.012,['EP']
0280510000,2.0000000000000002e-07,['EC']
0280520000,0.038,['EC', 'EP']
0280530000,0.045,['EC', 'EP']
0280540000,0.10400000000000001,['EC']
0280550000,0.2047,['EC']
0280560000,524880.0,['EC']
0280570000,128160.0,[]
0280580000,Inf,None
0280590000,2396736000000.0,['EC']
0280600000,Inf,None
0280610000,Inf,None
0280620000,Inf,None
0280630000,3191443200.0,['B-']
0280640000,Inf,None
0280650000,9061.884,['B-']
0280660000,196560.0,['B-']
0280670000,21.0,['B-']
0280680000,29.0,['B-']
0280690000,11.4,['B-']
0280690001,3.5,['B-']
0280700000,6.0,['B-']
0280710000,2.56,['B-']
0280720000,1.57,['B-']
0280730000,0.84,['B-']
0280740000,0.68,['B-']
0280750000,0.6,['B-']
0280760000,0.238,['B-']
0280770000,0.061,['B-']
0280780000,0.11,['B-']
0290520000,None,[]
0290530000,3.0000000000000004e-07,[]
0290540000,7.500000000000001e-08,[]
0290550000,0.04,[]
0290560000,0.094,['EC']
0290570000,0.1963,[]
0290580000,3.204,['EC']
0290590000,81.5,['EC']
0290600000,1422.0,['EC']
0290610000,11998.800000000001,['EC']
0290620000,580.38,['EC']
0290630000,Inf,None
0290640000,45723.6,[]
0290650000,Inf,None
0290660000,307.2,['B-']
0290670000,222588.0,['B-']
0290680000,31.1,['B-']
0290680001,225.0,['IT', 'B-']
0290690000,171.0,['B-']
0290700000,44.5,['B-']
0290700001,33.0,['B-', 'IT']
0290700010,6.6,['B-', 'IT']
0290710000,19.5,['B-']
0290720000,6.63,['B-']
0290730000,4.2,['B-']
0290740000,1.75,['B-']
0290750000,1.224,['B-']
0290760000,0.653,['B-']
0290760001,0.641,['B-']
0290770000,0.469,['B-']
0290780000,0.335,['B-']
0290790000,0.188,['B-']
0290800000,0.17,['B-']
0290810000,0.028,['B-']
0300540000,None,[]
0300550000,0.02,['EC']
0300560000,5e-07,[]
0300570000,0.038,['EC', 'EP']
0300580000,0.084,['EC']
0300590000,0.182,['EC']
0300600000,142.79999999999998,['EC']
0300610000,89.1,['EC']
0300610001,0.43,['IT']
0300610010,0.14,['IT']
0300620000,33336.0,['EC']
0300630000,2308.2,['EC']
0300640000,Inf,None
0300650000,21075552.0,['EC']
0300660000,Inf,None
0300670000,Inf,None
0300680000,Inf,None
0300690000,3384.0,['B-']
0300690001,49536.0,[]
0300700000,4.09968e+23,[]
0300710000,147.0,['B-']
0300710001,14256.0,['B-']
0300720000,167400.0,['B-']
0300730000,23.5,['B-']
0300730001,5.8,[]
0300730010,0.013000000000000001,['IT']
0300740000,95.6,['B-']
0300750000,10.2,['B-']
0300760000,5.7,['B-']
0300770000,2.08,['B-']
0300770001,1.05,['IT', 'B-']
0300780000,1.47,['B-']
0300790000,0.995,['B-']
0300800000,0.54,['B-']
0300810000,0.32,['B-']
0300820000,0.052,['B-']
0300830000,0.043,['B-']
0310560000,None,[]
0310570000,None,[]
0310580000,None,[]
0310590000,None,[]
0310600000,0.07,['EC']
0310610000,0.168,['EC']
0310620000,0.11612,['EC']
0310630000,32.4,['EC']
0310640000,157.61999999999998,['EC']
0310650000,912.0,['EC']
0310660000,34164.0,['EC']
0310670000,281810.88,['EC']
0310680000,4062.5999999999995,['EC']
0310690000,Inf,None
0310700000,1268.4,[]
0310710000,Inf,None
0310720000,50760.0,['B-']
0310720001,50742.0,['B-']
0310730000,17496.0,['B-']
0310740000,487.19999999999993,['B-']
0310740001,9.5,[]
0310750000,126.0,['B-']
0310760000,32.6,['B-']
0310770000,13.2,['B-']
0310780000,5.09,['B-']
0310790000,2.847,['B-']
0310800000,1.676,['B-']
0310810000,1.217,['B-']
0310820000,0.599,['B-']
0310830000,0.30810000000000004,['B-']
0310840000,0.085,['B-']
0310850000,0.048,['B-']
0310860000,0.029,['B-']
0320580000,None,[]
0320590000,None,[]
0320600000,0.03,[]
0320610000,0.039,['EC', 'EP']
0320620000,1.5000000000000002e-07,['EC']
0320630000,0.14200000000000002,['EC']
0320640000,63.7,['EC']
0320650000,30.9,['EC']
0320660000,8135.999999999999,['EC']
0320670000,1134.0,['EC']
0320680000,23410080.0,['EC']
0320690000,140580.0,['EC']
0320700000,Inf,None
0320710000,987552.0,['EC']
0320710001,0.02041,['IT']
0320720000,Inf,None
0320730000,Inf,None
0320730001,0.499,['IT']
0320740000,Inf,None
0320750000,4966.8,['B-']
0320750001,47.7,[]
0320760000,Inf,None
0320770000,40680.0,['B-']
0320770001,52.9,[]
0320780000,5280.0,['B-']
0320790000,18.98,['B-']
0320790001,39.0,[]
0320800000,29.5,['B-']
0320810000,7.6,['B-']
0320810001,7.6,[]
0320820000,4.55,['B-']
0320830000,1.85,['B-']
0320840000,0.954,['B-']
0320850000,0.535,['B-']
0320860000,0.095,['B-']
0320870000,0.14,['B-']
0320880000,0.066,['B-']
0320890000,0.039,['B-']
0330600000,None,[]
0330610000,None,[]
0330620000,None,[]
0330630000,None,[]
0330640000,0.018000000000000002,['EC']
0330650000,0.128,['EC']
0330660000,0.09579000000000001,['EC']
0330670000,42.5,['EC']
0330680000,151.6,['EC']
0330690000,913.8000000000001,['EC']
0330700000,3156.0,['EC']
0330710000,235080.0,['EC']
0330720000,93600.0,['EC']
0330730000,6937920.0,['EC']
0330740000,1535328.0,[]
0330750000,Inf,None
0330750001,0.01762,['IT']
0330760000,94464.0,['B-']
0330770000,139788.0,['B-']
0330780000,5442.0,['B-']
0330790000,540.6,['B-']
0330800000,15.2,['B-']
0330810000,33.3,['B-']
0330820000,19.1,['B-']
0330820001,13.6,['B-']
0330830000,13.4,['B-']
0330840000,4.2,['B-']
0330850000,2.021,['B-']
0330860000,0.945,['B-']
0330870000,0.56,['B-']
0330880000,0.112,['B-']
0330890000,0.059,['B-']
0330900000,0.043,['B-']
0330910000,0.044,['B-']
0330920000,0.027,['B-']
0340650000,0.05,['EC']
0340660000,0.033,['EC']
0340670000,0.136,['EC']
0340680000,35.5,['EC']
0340690000,27.4,['EC']
0340700000,2466.0,[]
0340710000,284.40000000000003,['EC']
0340720000,725760.0,['EC']
0340730000,25740.0,['EC']
0340730001,2388.0,[]
0340740000,Inf,None
0340750000,10349856.0,['EC']
0340760000,Inf,None
0340770000,Inf,None
0340770001,17.36,['IT']
0340780000,Inf,None
0340790000,9303120000000.0,['B-']
0340790001,235.2,[]
0340800000,Inf,None
0340810000,1107.0,['B-']
0340810001,3436.8,[]
0340820000,Inf,None
0340830000,1338.0,['B-']
0340830001,70.1,['B-']
0340840000,195.6,['B-']
0340850000,31.7,['B-']
0340860000,14.3,['B-']
0340870000,5.5,['B-']
0340880000,1.53,['B-']
0340890000,0.41,['B-']
0340900000,0.161,['B-']
0340910000,0.27,['B-']
0340920000,0.093,['B-']
0340930000,0.062,['B-']
0340940000,0.059,['B-']
0350670000,None,[]
0350680000,1.2e-06,[]
0350690000,2.4000000000000003e-08,[]
0350700000,0.07909999999999999,['EC']
0350700001,2.2,['EC']
0350710000,21.4,['EC']
0350720000,78.6,['EC']
0350720001,10.6,['IT']
0350730000,204.0,['EC']
0350740000,1524.0,['EC']
0350740001,2760.0,['EC']
0350750000,5802.0,['EC']
0350760000,58320.0,['EC']
0350760001,1.31,[]
0350770000,205329.6,['EC']
0350770001,256.8,['IT']
0350780000,387.0,['EC']
0350790000,Inf,None
0350790001,4.86,['IT']
0350800000,1060.8,[]
0350800001,15913.8,['IT']
0350810000,Inf,None
0350820000,127015.19999999998,['B-']
0350820001,367.8,[]
0350830000,8640.0,['B-']
0350840000,1905.6000000000001,['B-']
0350840001,360.0,['B-']
0350850000,174.0,['B-']
0350860000,55.0,['B-']
0350870000,55.65,['B-']
0350880000,16.29,['B-']
0350890000,4.4,['B-']
0350900000,1.92,['B-']
0350910000,0.541,[]
0350920000,0.343,['B-']
0350930000,0.10200000000000001,['B-']
0350940000,0.07,['B-']
0350950000,0.066,['B-']
0350960000,0.042,['B-']
0350970000,0.04,['B-']
0360690000,0.032,['EC']
0360700000,0.052000000000000005,['EC', 'EP']
0360710000,0.1,['EC', 'EP']
0360720000,17.1,['EC']
0360730000,27.3,[]
0360740000,690.0,['EC']
0360750000,257.4,['EC']
0360760000,53280.0,['EC']
0360770000,4464.0,['EC']
0360780000,7.25328e+27,[]
0360790000,126144.0,['EC']
0360790001,50.0,['IT']
0360800000,Inf,None
0360810000,7221744000000.0,['EC']
0360810001,13.1,[]
0360820000,Inf,None
0360830000,Inf,None
0360830001,6588.0,['IT']
0360840000,Inf,None
0360850000,339201216.0,['B-']
0360850001,16128.000000000002,[]
0360860000,Inf,None
0360870000,4578.0,['B-']
0360880000,10224.0,['B-']
0360890000,189.0,['B-']
0360900000,32.32,['B-']
0360910000,8.57,['B-']
0360920000,1.84,['B-']
0360930000,1.286,['B-']
0360940000,0.212,['B-']
0360950000,0.114,['B-']
0360960000,0.08,['B-']
0360970000,0.063,['B-']
0360980000,0.046,['B-']
0360990000,None,['B-']
0361000000,0.007,['B-']
0370710000,1e-09,['P']
0370720000,1.2e-06,[]
0370730000,3.0000000000000004e-08,['P']
0370740000,0.064776,['EC']
0370750000,19.0,['EC']
0370760000,36.5,['EC']
0370770000,226.2,['EC']
0370780000,1059.6,['EC']
0370780001,344.40000000000003,[]
0370790000,1374.0,['EC']
0370800000,34.0,['EC']
0370810000,16459.2,['EC']
0370810001,1830.0,[]
0370820000,75.45,[]
0370820001,23299.2,[]
0370830000,7447680.0,['EC']
0370840000,2835648.0,[]
0370840001,1215.6000000000001,['IT']
0370850000,Inf,None
0370860000,1609718.4,[]
0370860001,61.019999999999996,['IT']
0370870000,1.5168816e+18,['B-']
0370880000,1066.3799999999999,['B-']
0370890000,909.0,['B-']
0370900000,158.0,['B-']
0370900001,258.0,[]
0370910000,58.4,['B-']
0370920000,4.492,['B-']
0370930000,5.84,['B-']
0370940000,2.702,['B-']
0370950000,0.3777,['B-']
0370960000,0.203,['B-']
0370970000,0.1691,['B-']
0370980000,0.114,['B-']
0370980001,0.096,['B-']
0370990000,0.054,['B-']
0371000000,0.051000000000000004,['B-']
0371010000,0.032,['B-']
0371020000,0.037,['B-']
0380730000,0.025,['EC', 'EP']
0380740000,1.2e-06,['EC']
0380750000,0.088,['EC', 'EP']
0380760000,7.89,['EC']
0380770000,9.0,['EC']
0380780000,150.0,['EC']
0380790000,135.0,['EC']
0380800000,6378.0,['EC']
0380810000,1338.0,['EC']
0380820000,2190240.0,['EC']
0380830000,116675.99999999999,[]
0380830001,4.95,['IT']
0380840000,Inf,None
0380850000,5602176.0,['EC']
0380850001,4057.7999999999997,[]
0380860000,Inf,None
0380870000,Inf,None
0380870001,10134.0,[]
0380880000,Inf,None
0380890000,4365792.0,['B-']
0380900000,907921440.0,['B-']
0380910000,34668.0,['B-']
0380920000,9756.0,['B-']
0380930000,445.38,['B-']
0380940000,75.3,['B-']
0380950000,23.9,['B-']
0380960000,1.07,['B-']
0380970000,0.429,['B-']
0380980000,0.653,['B-']
0380990000,0.27,['B-']
0381000000,0.202,['B-']
0381010000,0.11800000000000001,['B-']
0381020000,0.069,['B-']
0381050000,0.0556,['B-']
0390760000,2.0000000000000002e-07,[]
0390770000,0.057,['EC']
0390780000,0.05,['EC']
0390780001,5.7,['EC']
0390790000,14.8,['EC']
0390800000,30.1,['EC']
0390800001,4.8,['IT', 'EC']
0390810000,70.4,['EC']
0390820000,8.3,['EC']
0390830000,424.8,[]
0390830001,171.0,[]
0390840000,2370.0,['EC']
0390840001,4.6,['EC']
0390850000,9648.0,['EC']
0390850001,17496.0,['EC']
0390860000,53064.0,['EC']
0390860001,2880.0,[]
0390870000,287280.0,['EC']
0390870001,48132.0,[]
0390880000,9212486.4,[]
0390880001,0.000301,['IT']
0390880010,0.013970000000000002,['IT']
0390890000,Inf,None
0390890001,15.663,['IT']
0390900000,230400.0,['B-']
0390900001,11484.0,[]
0390910000,5055264.0,['B-']
0390910001,2982.6,['IT']
0390920000,12744.0,['B-']
0390930000,36648.0,['B-']
0390930001,0.82,['IT']
0390940000,1122.0,['B-']
0390950000,618.0,['B-']
0390960000,5.34,['B-']
0390960001,9.6,['B-']
0390970000,3.75,['B-']
0390970001,1.17,['B-']
0390970010,0.14200000000000002,[]
0390980000,0.548,['B-']
0390980001,2.0,['B-']
0390990000,1.47,['B-']
0391000000,0.735,['B-']
0391000001,0.94,['B-']
0391010000,0.45,['B-']
0391020000,0.36,['B-']
0391020001,0.298,['B-']
0391030000,0.23,['B-']
0391040000,0.18,['B-']
0391050000,0.088,['B-']
0391060000,0.066,['B-']
0391070000,0.03,['B-']
0391080000,0.048,['B-']
0400780000,2.0000000000000002e-07,[]
0400790000,0.056,[]
0400800000,4.6,['EC']
0400810000,5.5,['EC', 'EP']
0400820000,32.0,['EC']
0400830000,41.6,['EC']
0400840000,1554.0,['EC']
0400850000,471.6,[]
0400850001,10.9,['IT', 'EC']
0400860000,59400.0,['EC']
0400870000,6048.0,[]
0400870001,14.0,['IT']
0400880000,7205760.000000001,['EC']
0400890000,282276.0,['EC']
0400890001,249.65999999999997,[]
0400900000,Inf,None
0400900001,0.8092,['IT']
0400910000,Inf,None
0400920000,Inf,None
0400930000,48250080000000.0,['B-']
0400940000,Inf,None
0400950000,5532364.8,['B-']
0400960000,6.3072e+26,['B-']
0400970000,60296.399999999994,['B-']
0400980000,30.7,['B-']
0400990000,2.1,['B-']
0401000000,7.1,['B-']
0401010000,2.3,['B-']
0401020000,2.9,['B-']
0401030000,1.3,['B-']
0401040000,1.2,['B-']
0401050000,0.6,['B-']
0401060000,0.27,['B-']
0401070000,0.15,['B-']
0401080000,0.08,['B-']
0401090000,0.117,['B-']
0401100000,0.098,['B-']
0410810000,0.8,[]
0410820000,0.05,['EC']
0410830000,4.1,['EC']
0410840000,9.8,['EC']
0410850000,20.9,['EC']
0410850001,3.3,['EC', 'IT']
0410860000,88.0,['EC']
0410870000,225.0,[]
0410870001,156.0,[]
0410880000,873.0,['EC']
0410880001,466.8,[]
0410890000,7307.999999999999,['EC']
0410890001,3960.0,['EC']
0410900000,52560.0,['EC']
0410900001,18.81,['IT']
0410900010,0.00619,['IT']
0410910000,21444480000.0,['EC']
0410910001,5258304.0,[]
0410920000,1094299200000000.0,['EC']
0410920001,876960.0,['EC']
0410930000,Inf,None
0410930001,508675679.99999994,['IT']
0410940000,640180800000.0,['B-']
0410940001,375.78,[]
0410950000,3023222.4,['B-']
0410950001,311904.0,[]
0410960000,84060.0,['B-']
0410970000,4326.0,['B-']
0410970001,58.7,['IT']
0410980000,2.86,['B-']
0410980001,3078.0,['B-']
0410990000,15.0,['B-']
0410990001,150.0,[]
0411000000,1.5,['B-']
0411000001,2.99,['B-']
0411010000,7.1,['B-']
0411020000,4.3,['B-']
0411020001,1.3,['B-']
0411030000,1.5,['B-']
0411040000,4.9,['B-']
0411040001,0.94,['B-']
0411050000,2.95,['B-']
0411060000,0.93,['B-']
0411070000,0.3,['B-']
0411080000,0.193,['B-']
0411090000,0.19,['B-']
0411100000,0.17,['B-']
0411110000,0.08,['B-']
0411120000,0.069,['B-']
0411130000,0.03,['B-']
0420830000,0.006,['EC']
0420840000,3.7,['EC']
0420850000,3.2,['EP']
0420860000,19.6,['EC']
0420870000,14.02,[]
0420880000,480.0,['EC']
0420890000,126.6,['EC']
0420890001,0.19,['IT']
0420900000,20412.0,['EC']
0420910000,929.4,['EC']
0420910001,64.6,[]
0420920000,Inf,None
0420930000,126144000000.0,['EC']
0420930001,24660.0,[]
0420940000,Inf,None
0420950000,Inf,None
0420960000,Inf,None
0420970000,Inf,None
0420980000,Inf,None
0420990000,237513.6,['B-']
0421000000,2.302128e+26,['BB']
0421010000,876.5999999999999,['B-']
0421020000,678.0,['B-']
0421030000,67.5,['B-']
0421040000,60.0,['B-']
0421050000,35.6,['B-']
0421060000,8.73,['B-']
0421070000,3.5,['B-']
0421080000,1.09,['B-']
0421090000,0.53,['B-']
0421100000,0.3,['B-']
0421110000,0.2,['B-']
0421120000,0.287,['B-']
0421130000,0.1,['B-']
0421140000,0.08,['B-']
0421150000,0.092,['B-']
0430850000,0.5,[]
0430860000,0.054,['EC']
0430860001,1.1e-06,['IT']
0430870000,2.2,['EC']
0430880000,5.8,['EC']
0430880001,6.4,['EC']
0430890000,12.8,['EC']
0430890001,12.9,['EC', 'IT']
0430900000,8.7,['EC']
0430900001,49.2,['EC']
0430910000,188.4,['EC']
0430910001,198.0,['EC', 'IT']
0430920000,255.0,['EC']
0430930000,9900.0,['EC']
0430930001,2610.0,[]
0430940000,17580.0,['EC']
0430940001,3120.0,['EC']
0430950000,72000.0,['EC']
0430950001,5270400.0,[]
0430960000,369792.0,['EC']
0430960001,3090.0,[]
0430970000,132766560000000.0,['EC']
0430970001,7862400.0,[]
0430980000,132451200000000.0,['B-']
0430990000,6657249600000.0,['B-']
0430990001,21624.120000000003,[]
0431000000,15.46,[]
0431010000,852.0,['B-']
0431020000,5.28,['B-']
0431020001,261.0,['B-']
0431030000,54.2,['B-']
0431040000,1098.0,['B-']
0431050000,456.0,['B-']
0431060000,35.6,['B-']
0431070000,21.2,['B-']
0431080000,5.17,['B-']
0431090000,0.86,['B-']
0431100000,0.92,['B-']
0431110000,0.29,['B-']
0431120000,0.28,['B-']
0431130000,0.16,['B-']
0431140000,0.15,['B-']
0431150000,0.073,['B-']
0431160000,0.09,['B-']
0431170000,0.04,['B-']
0431180000,0.066,['B-']
0440870000,1.5e-06,[]
0440880000,1.2,['EC']
0440890000,1.5,['EC', 'EP']
0440900000,11.7,['EC']
0440910000,7.9,['EC']
0440910001,7.6,['EC']
0440920000,219.0,['EC']
0440930000,59.7,['EC']
0440930001,10.8,['EC', 'IT', 'EP']
0440940000,3108.0,['EC']
0440950000,5914.8,['EC']
0440960000,Inf,None
0440970000,244512.0,['EC']
0440980000,Inf,None
0440990000,Inf,None
0441000000,Inf,None
0441010000,Inf,None
0441020000,Inf,None
0441030000,3390940.8,['B-']
0441030001,0.0016899999999999999,['IT']
0441040000,Inf,None
0441050000,15984.000000000002,['B-']
0441060000,32123520.0,['B-']
0441070000,225.0,['B-']
0441080000,273.0,['B-']
0441090000,34.5,['B-']
0441100000,11.6,['B-']
0441110000,2.12,['B-']
0441120000,1.75,['B-']
0441130000,0.8,['B-']
0441130001,0.51,['B-', 'IT']
0441140000,0.52,['B-']
0441150000,0.74,['B-']
0441160000,0.20400000000000001,['B-']
0441170000,0.14200000000000002,['B-']
0441180000,0.123,['B-']
0441190000,0.162,['B-']
0441200000,0.149,['B-']
0450890000,1.5e-06,['EC']
0450900000,0.012,[]
0450900001,1.0,[]
0450910000,1.47,['EC']
0450920000,4.66,['EC']
0450930000,11.9,['EC']
0450940000,70.6,['EC']
0450940001,25.8,['EC']
0450950000,301.2,['EC']
0450950001,117.6,['IT', 'EC']
0450960000,594.0,['EC']
0450960001,90.6,['IT', 'EC']
0450970000,1842.0,['EC']
0450970001,2772.0,[]
0450980000,523.2,['EC']
0450980001,216.0,['IT', 'EC']
0450990000,1391040.0000000002,['EC']
0450990001,16920.0,['EC', 'IT']
0451000000,74880.0,['EC']
0451000001,276.0,['IT', 'EC']
0451010000,104068800.0,['EC']
0451010001,374976.0,[]
0451020000,17910720.0,[]
0451020001,118007712.0,[]
0451030000,Inf,None
0451030001,3366.8399999999997,['IT']
0451040000,42.3,[]
0451040001,260.4,[]
0451050000,127296.0,['B-']
0451050001,40.0,['IT']
0451060000,30.07,['B-']
0451060001,7860.0,['B-']
0451070000,1302.0,['B-']
0451080000,16.8,['B-']
0451080001,360.0,['B-']
0451090000,80.0,['B-']
0451100000,3.2,['B-']
0451100001,28.5,['B-']
0451110000,11.0,['B-']
0451120000,2.1,['B-']
0451120001,6.73,['B-']
0451130000,2.8,['B-']
0451140000,1.85,['B-']
0451150000,0.99,['B-']
0451160000,0.68,['B-']
0451160001,0.57,['B-']
0451170000,0.44,['B-']
0451180000,0.266,['B-']
0451190000,0.171,['B-']
0451200000,0.136,['B-']
0451210000,0.151,['B-']
0451220000,0.108,['B-']
0451230000,0.0489,['B-']
0460910000,1e-06,[]
0460920000,0.7,['EC']
0460930000,1.3,['EC', 'EP']
0460940000,9.0,['EC']
0460950000,10.0,['EC']
0460950001,13.3,['EC', 'IT', 'EP']
0460960000,122.0,['EC']
0460970000,186.0,['EC']
0460980000,1062.0,['EC']
0460990000,1284.0,['EC']
0461000000,313632.0,['EC']
0461010000,30492.000000000004,['EC']
0461020000,Inf,None
0461030000,1468022.4,['EC']
0461040000,Inf,None
0461050000,Inf,None
0461060000,Inf,None
0461070000,204984000000000.0,['B-']
0461070001,21.3,['IT']
0461080000,Inf,None
0461090000,49324.32,['B-']
0461090001,281.40000000000003,['IT']
0461100000,Inf,None
0461110000,1404.0,['B-']
0461110001,19800.0,[]
0461120000,75708.0,['B-']
0461130000,93.0,['B-']
0461130001,0.3,['IT']
0461140000,145.2,['B-']
0461150000,25.0,['B-']
0461150001,50.0,['B-', 'IT']
0461160000,11.8,['B-']
0461170000,4.3,['B-']
0461170001,0.019100000000000002,['IT']
0461180000,1.9,['B-']
0461190000,0.92,['B-']
0461200000,0.5,['B-']
0461210000,0.28500000000000003,['B-']
0461220000,0.17500000000000002,['B-']
0461230000,0.244,['B-']
0461240000,0.038,['B-']
0461250000,0.399,['B-']
0461260000,0.25,['B-']
0470930000,1.5e-06,[]
0470940000,0.035,['EC']
0470940001,0.55,['EC', 'ECP']
0470940010,0.4,['EC', 'P', 'ECP']
0470950000,2.0,[]
0470950001,0.5,['IT']
0470950010,0.016,['IT']
04709530000,0.04,['IT']
0470960000,4.4,['EC', 'ECP']
0470960001,6.9,['EC', 'ECP']
0470970000,25.5,['EC']
0470980000,47.5,['EC']
0470990000,124.0,['EC']
0470990001,10.5,['IT']
0471000000,120.6,['EC']
0471000001,134.4,[]
0471010000,666.0,['EC']
0471010001,3.1,['IT']
0471020000,774.0,['EC']
0471020001,462.0,['EC', 'IT']
0471030000,3942.0,['EC']
0471030001,5.7,['IT']
0471040000,4152.0,['EC']
0471040001,2010.0,['EC', 'IT']
0471050000,3567456.0,['EC']
0471050001,433.8,[]
0471060000,1437.6000000000001,[]
0471060001,715392.0,['EC']
0471070000,Inf,None
0471070001,44.3,['IT']
0471080000,142.92000000000002,[]
0471080001,13812768000.0,[]
0471090000,Inf,None
0471090001,39.6,['IT']
0471100000,24.6,[]
0471100001,21579264.0,[]
0471110000,643680.0,['B-']
0471110001,64.8,[]
0471120000,11268.0,['B-']
0471130000,19332.0,['B-']
0471130001,68.7,[]
0471140000,4.6,['B-']
0471140001,0.0015,['IT']
0471150000,1200.0,['B-']
0471150001,18.0,[]
0471160000,237.0,['B-']
0471160001,20.0,[]
0471160010,9.3,[]
0471170000,72.8,['B-']
0471170001,5.34,[]
0471180000,3.76,['B-']
0471180001,2.0,[]
0471190000,2.1,['B-']
0471190001,6.0,['B-']
0471200000,1.23,['B-']
0471200001,0.32,[]
0471210000,0.78,['B-']
0471220000,0.529,['B-']
0471220001,0.2,['B-']
0471240000,0.172,['B-']
0471250000,0.166,['B-']
0471260000,0.107,['B-']
0471270000,0.109,['B-']
0471280000,0.058,['B-']
0471290000,0.046,['B-']
0471300000,0.05,['B-']
0480950000,0.005,[]
0480960000,1.0,[]
0480970000,2.8,[]
0480980000,9.2,['EC']
0480990000,16.0,['EC', 'EP']
0481000000,49.1,['EC']
0481010000,81.60000000000001,['EC']
0481020000,330.0,['EC']
0481030000,438.0,['EC']
0481040000,3462.0,['EC']
0481050000,3330.0,['EC']
0481060000,Inf,None
0481070000,23400.0,['EC']
0481080000,Inf,None
0481090000,39864960.0,['EC']
0481100000,Inf,None
0481110000,Inf,None
0481110001,2912.4,['IT']
0481120000,Inf,None
0481130000,2.5354944e+23,['B-']
0481130001,444657600.0,[]
0481140000,Inf,None
0481150000,192456.0,['B-']
0481150001,3849984.0,['B-']
0481160000,9.77616e+26,[]
0481170000,8964.0,['B-']
0481170001,12096.0,['B-']
0481180000,3018.0,['B-']
0481190000,161.4,['B-']
0481190001,132.0,['B-']
0481200000,50.8,['B-']
0481210000,13.5,['B-']
0481210001,8.3,['B-']
0481220000,5.24,['B-']
0481230000,2.1,['B-']
0481230001,1.82,['B-']
0481240000,1.25,['B-']
0481250000,0.68,['B-']
0481250001,0.48,['B-']
0481260000,0.515,['B-']
0481270000,0.37,['B-']
0481280000,0.28,['B-']
0481290000,0.27,['B-']
0481300000,0.162,['B-']
0481310000,0.068,['B-']
0481320000,0.097,['B-']
0490970000,0.005,[]
0490980000,0.032,['EC']
0490980001,1.2,['EC']
0490990000,3.0,['EC']
0491000000,5.9,['EC', 'EP']
0491010000,15.1,['EC']
0491020000,23.3,['EC']
0491030000,65.0,['EC']
0491030001,34.0,['EC', 'IT']
0491040000,108.0,['EC']
0491040001,15.7,['IT', 'EC']
0491050000,304.20000000000005,['EC']
0491050001,48.0,['IT']
0491060000,372.0,['EC']
0491060001,312.0,['EC']
0491070000,1944.0,['EC']
0491070001,50.4,['IT']
0491080000,3480.0,['EC']
0491080001,2376.0,['EC']
0491090000,15001.199999999999,['EC']
0491090001,80.4,['IT']
0491090010,0.209,['IT']
0491100000,17640.0,['EC']
0491100001,4146.0,['EC']
0491110000,242326.08,['EC']
0491110001,462.0,['IT']
0491120000,898.2,[]
0491120001,1233.6,['IT']
0491130000,Inf,None
0491130001,5968.5599999999995,['IT']
0491140000,71.9,[]
0491140001,4277664.0,[]
0491140010,0.0431,['IT']
0491150000,1.3907376e+22,['B-']
0491150001,16149.599999999999,[]
0491160000,14.1,[]
0491160001,3257.4,['B-']
0491160010,2.18,['IT']
0491170000,2592.0,['B-']
0491170001,6972.0,[]
0491180000,5.0,['B-']
0491180001,267.0,['B-']
0491180010,8.5,[]
0491190000,144.0,['B-']
0491190001,1080.0,[]
0491200000,3.08,['B-']
0491200001,46.2,['B-']
0491200010,47.3,['B-']
0491210000,23.1,['B-']
0491210001,232.79999999999998,[]
0491220000,1.5,['B-']
0491220001,10.3,['B-']
0491220010,10.8,['B-']
0491230000,6.17,['B-']
0491230001,47.4,['B-']
0491240000,3.12,['B-']
0491240001,3.7,['B-']
0491250000,2.36,['B-']
0491250001,12.2,['B-']
0491260000,1.53,['B-']
0491260001,1.64,['B-']
0491270000,1.09,['B-']
0491270001,3.67,['B-']
0491280000,0.84,['B-']
0491280001,0.72,['B-']
0491290000,0.61,['B-']
0491290001,1.23,['B-']
0491300000,0.29,['B-']
0491300001,0.54,['B-']
0491300010,0.54,['B-']
0491310000,0.28,['B-']
0491310001,0.35,['B-']
0491310010,0.32,['B-']
0491320000,0.207,['B-']
0491330000,0.165,['B-']
0491330001,0.18,['B-']
0491340000,0.14,['B-']
0491350000,0.092,['B-']
0500990000,0.005,[]
0501000000,0.86,['EC', 'EP']
0501010000,1.7,['EC', 'EP']
0501020000,4.5,['EC']
0501030000,7.0,['EC', 'EP']
0501040000,20.8,[]
0501050000,34.0,['EC']
0501060000,115.0,['EC']
0501070000,174.0,['EC']
0501080000,618.0,['EC']
0501090000,1080.0,['EC']
0501100000,14796.000000000002,['EC']
0501110000,2118.0,['EC']
0501120000,Inf,None
0501130000,9943776.0,['EC']
0501130001,1284.0,[]
0501140000,Inf,None
0501150000,Inf,None
0501160000,Inf,None
0501170000,Inf,None
0501170001,1175040.0,['IT']
0501180000,Inf,None
0501190000,Inf,None
0501190001,25315200.0,['IT']
0501200000,Inf,None
0501210000,97308.0,['B-']
0501210001,1384430400.0,[]
0501220000,Inf,None
0501230000,11162879.999999998,['B-']
0501230001,2403.6000000000004,['B-']
0501240000,Inf,None
0501250000,832896.0,['B-']
0501250001,571.1999999999999,['B-']
0501260000,7253280000000.0,['B-']
0501270000,7560.0,['B-']
0501270001,247.79999999999998,['B-']
0501280000,3544.2,['B-']
0501280001,6.5,['IT']
0501290000,133.8,['B-']
0501290001,414.0,['B-']
0501300000,223.20000000000002,['B-']
0501300001,102.0,['B-']
0501310000,56.0,['B-']
0501310001,58.4,['B-']
0501320000,39.7,['B-']
0501330000,1.46,['B-']
0501340000,1.05,['B-']
0501350000,0.53,['B-']
0501360000,0.25,['B-']
0501370000,0.19,['B-']
0511030000,1.5e-06,[]
0511040000,0.44,['EC', 'EP', 'P']
0511050000,1.22,['EC', 'P']
0511060000,0.6,['EC']
0511070000,4.0,['EC']
0511080000,7.4,['EC']
0511090000,17.0,['EC']
0511100000,23.0,['EC']
0511110000,75.0,['EC']
0511120000,51.4,['EC']
0511130000,400.2,['EC']
0511140000,209.4,[]
0511150000,1926.0,['EC']
0511160000,948.0,['EC']
0511160001,3618.0,['EC']
0511170000,10080.0,['EC']
0511180000,216.0,['EC']
0511180001,18000.0,['EC']
0511190000,137484.0,['EC']
0511190001,0.85,['IT']
0511200000,953.4000000000001,[]
0511200001,497664.0,['EC']
0511210000,Inf,None
0511220000,235336.32,[]
0511220001,251.45999999999998,['IT']
0511230000,Inf,None
0511240000,5201280.0,['B-']
0511240001,93.0,[]
0511240010,1212.0,['IT']
0511250000,86993948.16000001,['B-']
0511260000,1067040.0,['B-']
0511260001,1149.0,[]
0511260010,11.0,['IT']
0511270000,332640.0,['B-']
0511280000,32436.0,['B-']
0511280001,624.0,[]
0511290000,15840.000000000002,['B-']
0511290001,1062.0,['B-', 'IT']
0511300000,2370.0,['B-']
0511300001,378.0,['B-']
0511310000,1381.8000000000002,['B-']
0511320000,167.4,['B-']
0511320001,245.99999999999997,['B-']
0511330000,150.0,['B-']
0511340000,0.78,['B-']
0511340001,10.07,['B-']
0511350000,1.679,['B-']
0511360000,0.923,['B-']
0511370000,0.45,['B-']
0511380000,0.168,['B-']
0511390000,0.127,['B-']
0521050000,6.2e-07,['A']
0521060000,5.9999999999999995e-05,['A']
0521070000,0.0031000000000000003,['A', 'EC']
0521080000,2.1,['EC', 'A', 'EP']
0521090000,4.6,['EC', 'EP', 'A']
0521100000,18.6,['EC']
0521110000,19.3,['EC']
0521120000,120.0,['EC']
0521130000,102.0,['EC']
0521140000,912.0,['EC']
0521150000,348.0,['EC']
0521150001,402.0,['EC']
0521160000,8964.0,['EC']
0521170000,3720.0,[]
0521170001,0.10300000000000001,['IT']
0521180000,518400.0,['EC']
0521190000,57780.0,['EC']
0521190001,406080.0,['EC']
0521200000,Inf,None
0521210000,1656288.0000000002,['EC']
0521210001,14186879.999999998,[]
0521220000,Inf,None
0521230000,2.901312e+24,['EC']
0521230001,10298880.0,['IT']
0521240000,Inf,None
0521250000,Inf,None
0521250001,4959360.0,['IT']
0521260000,Inf,None
0521270000,33660.0,['B-']
0521270001,9417600.0,[]
0521280000,2.775168e+26,['B-']
0521290000,4176.0,['B-']
0521290001,2903040.0,[]
0521300000,1.5768e+31,['B-']
0521310000,1500.0,['B-']
0521310001,119700.0,[]
0521320000,276825.60000000003,['B-']
0521330000,750.0,['B-']
0521330001,3324.0,[]
0521340000,2508.0,['B-']
0521350000,19.0,['B-']
0521360000,17.5,['B-']
0521370000,2.49,['B-']
0521380000,1.4,['B-']
0521390000,0.347,['B-']
0521400000,0.304,['B-']
0521410000,0.213,['B-']
0521420000,0.2,['B-']
0531080000,0.036000000000000004,['A', 'EC', 'P']
0531090000,0.000103,['P']
0531100000,0.65,['EC', 'A', 'EP', 'EA']
0531110000,2.5,['EC', 'A']
0531120000,3.42,['EC']
0531130000,6.6,['EC']
0531140000,2.1,['EC']
0531140001,6.2,['EC', 'IT']
0531150000,78.0,['EC']
0531160000,2.91,['EC']
0531170000,133.20000000000002,['EC']
0531180000,822.0,[]
0531180001,510.0,[]
0531190000,1146.0,['EC']
0531200000,4896.0,['EC']
0531200001,3180.0,['EC']
0531210000,7632.0,['EC']
0531220000,217.79999999999998,['EC']
0531230000,47604.24,['EC']
0531240000,360806.4,['EC']
0531250000,5132160.0,['EC']
0531260000,1117152.0,[]
0531270000,Inf,None
0531280000,1499.3999999999999,[]
0531290000,495115200000000.0,['B-']
0531300000,44496.0,['B-']
0531300001,530.4,[]
0531310000,693377.28,['B-']
0531320000,8262.0,['B-']
0531320001,4993.2,[]
0531330000,74880.0,['B-']
0531330001,9.0,['IT']
0531340000,3150.0,['B-']
0531340001,211.2,[]
0531350000,23652.0,['B-']
0531360000,83.4,['B-']
0531360001,46.9,['B-']
0531370000,24.5,['B-']
0531380000,6.23,['B-']
0531390000,2.28,['B-']
0531400000,0.86,['B-']
0531410000,0.43,['B-']
0531420000,0.222,['B-']
0531430000,0.296,['B-']
0531440000,0.194,['B-']
0531450000,0.127,['B-']
0541100000,0.093,['EC', 'A']
0541110000,0.81,['EC', 'A']
0541120000,2.7,['EC', 'A']
0541130000,2.74,['EC', 'EP', 'A']
0541140000,10.0,['EC']
0541150000,18.0,['EC', 'EP']
0541160000,59.0,['EC']
0541170000,61.0,['EC']
0541180000,228.0,['EC']
0541190000,348.0,['EC']
0541200000,2400.0,['EC']
0541210000,2406.0,['EC']
0541220000,72360.0,['EC']
0541230000,7488.0,['EC']
0541240000,3.46896e+24,[]
0541250000,60839.99999999999,['EC']
0541250001,56.9,['IT']
0541260000,Inf,None
0541270000,3144960.0,['EC']
0541270001,69.2,['IT']
0541280000,Inf,None
0541290000,Inf,None
0541290001,767232.0000000001,['IT']
0541300000,Inf,None
0541310000,Inf,None
0541310001,1022976.0,['IT']
0541320000,Inf,None
0541320001,0.00839,['IT']
0541330000,452995.2,['B-']
0541330001,189216.0,['IT']
0541340000,1.8290879999999998e+30,['B-']
0541340001,0.29,['IT']
0541350000,32904.0,['B-']
0541350001,917.4,[]
0541360000,7.56864e+28,[]
0541370000,229.08,['B-']
0541380000,844.8,['B-']
0541390000,39.68,['B-']
0541400000,13.6,['B-']
0541410000,1.73,['B-']
0541420000,1.23,['B-']
0541430000,0.3,['B-']
0541440000,1.15,['B-']
0541450000,0.188,['B-']
0541460000,0.369,['B-']
0541470000,0.1,['B-']
0551120000,0.0005,['P']
0551130000,1.67e-05,['P']
0551140000,0.57,['EC', 'EP', 'EA', 'A']
0551150000,1.4,['EC', 'EP']
0551160000,0.7,['EC', 'EP', 'EA']
0551160001,3.85,['EC', 'EP']
0551170000,8.4,['EC']
0551170001,6.5,['EC']
0551180000,14.0,['EC', 'EP']
0551180001,17.0,['EC', 'EP']
0551190000,43.0,['EC']
0551190001,30.4,['EC']
0551200000,61.3,['EC']
0551200001,57.0,['EC']
0551210000,155.0,['EC']
0551210001,122.0,['EC', 'IT']
0551220000,21.18,['EC']
0551220001,0.36,['IT']
0551220010,222.0,['EC']
0551230000,352.8,['EC']
0551230001,1.64,['IT']
0551240000,30.8,['EC']
0551240001,6.3,['IT']
0551250000,2802.0,['EC']
0551250001,0.0009000000000000001,['IT']
0551260000,98.39999999999999,['EC']
0551270000,22500.0,[]
0551280000,217.20000000000002,['EC']
0551290000,115416.00000000001,['EC']
0551300000,1752.6000000000001,[]
0551300001,207.6,[]
0551310000,837129.6,[]
0551320000,559872.0,[]
0551330000,Inf,None
0551340000,65128147.199999996,[]
0551340001,10483.199999999999,[]
0551350000,72532800000000.0,['B-']
0551350001,3180.0,['IT']
0551360000,1137024.0,['B-']
0551360001,19.0,['B-', 'IT']
0551370000,948602880.0,['B-']
0551380000,2004.6,['B-']
0551380001,174.60000000000002,[]
0551390000,556.1999999999999,['B-']
0551400000,63.7,['B-']
0551410000,24.84,['B-']
0551420000,1.684,['B-']
0551430000,1.791,['B-']
0551440000,0.994,['B-']
0551440001,None,['B-']
0551450000,0.587,['B-']
0551460000,0.321,['B-']
0551470000,0.23,['B-']
0551480000,0.146,['B-']
0551490000,0.05,['B-']
0551500000,0.05,['B-']
0551510000,0.05,['B-']
0561140000,0.43,['EC', 'EP']
0561150000,0.45,['EC', 'EP']
0561160000,1.3,['EC', 'EP']
0561170000,1.75,['EC', 'EP', 'EA']
0561180000,5.5,['EC']
0561190000,5.4,['EC', 'EP']
0561200000,24.0,['EC']
0561210000,29.7,['EC']
0561220000,117.0,['EC']
0561230000,162.0,['EC']
0561240000,660.0,['EC']
0561250000,210.0,['EC']
0561260000,6000.0,['EC']
0561270000,762.0,[]
0561270001,1.9,['IT']
0561280000,209952.0,['EC']
0561290000,8028.0,['EC']
0561290001,7776.000000000001,['EC']
0561300000,Inf,None
0561300001,0.0094,['IT']
0561310000,993600.0,['EC']
0561310001,876.0,['IT']
0561320000,9.4608e+28,[]
0561330000,331862400.0,['EC']
0561330001,140040.0,[]
0561340000,Inf,None
0561350000,Inf,None
0561350001,103320.0,['IT']
0561360000,Inf,None
0561360001,0.3084,['IT']
0561370000,Inf,None
0561370001,153.12,['IT']
0561380000,Inf,None
0561390000,4983.6,['B-']
0561400000,1101833.28,['B-']
0561410000,1096.2,['B-']
0561420000,636.0,['B-']
0561430000,14.5,['B-']
0561440000,11.5,['B-']
0561450000,4.31,['B-']
0561460000,2.22,['B-']
0561470000,0.894,['B-']
0561480000,0.612,['B-']
0561490000,0.344,['B-']
0561500000,0.3,['B-']
0561510000,0.259,['B-']
0561520000,0.228,['B-']
0561530000,0.158,['B-']
0571170000,0.0235,['P', 'EC']
0571170001,0.01,['P', 'EC']
0571180000,1.0,[]
0571190000,2.0,[]
0571200000,2.8,['EC', 'EP']
0571210000,5.3,['EC']
0571220000,8.6,['EC']
0571230000,17.0,['EC']
0571240000,29.21,['EC']
0571240001,21.0,['EC']
0571250000,64.8,['EC']
0571250001,0.4,['IT']
0571260000,54.0,['EC']
0571260001,50.0,['EC']
0571270000,306.0,['EC']
0571270001,222.0,['EC']
0571280000,310.79999999999995,['EC']
0571280001,84.0,['EC']
0571290000,696.0,['EC']
0571290001,0.56,['IT']
0571300000,522.0,['EC']
0571310000,3540.0,['EC']
0571320000,17280.0,['EC']
0571320001,1458.0,['IT', 'EC']
0571330000,14083.199999999999,['EC']
0571340000,387.0,['EC']
0571350000,70200.0,['EC']
0571360000,592.1999999999999,['EC']
0571360001,0.114,['IT']
0571370000,1892160000000.0,['EC']
0571380000,3.216672e+18,[]
0571390000,Inf,None
0571400000,145026.72,['B-']
0571410000,14112.0,['B-']
0571420000,5466.0,['B-']
0571430000,852.0,['B-']
0571440000,40.8,['B-']
0571450000,24.8,['B-']
0571460000,6.27,['B-']
0571460001,10.0,['B-']
0571470000,4.06,['B-']
0571480000,1.26,['B-']
0571490000,1.05,['B-']
0571500000,0.86,['B-']
0571510000,0.778,['B-']
0571520000,0.451,['B-']
0571530000,0.342,['B-']
0571540000,0.228,['B-']
0571550000,0.184,['B-']
0581190000,0.2,[]
0581200000,0.25,[]
0581210000,1.1,['EC', 'EP']
0581220000,None,[]
0581230000,3.8,['EC', 'EP']
0581240000,6.0,['EC']
0581250000,10.2,['EC']
0581260000,51.0,['EC']
0581270000,31.0,['EC']
0581270001,28.6,['EC']
0581280000,235.8,['EC']
0581290000,210.0,['EC']
0581300000,1374.0,['EC']
0581310000,618.0,['EC']
0581310001,324.0,['EC']
0581320000,12636.0,['EC']
0581320001,0.0094,['IT']
0581330000,5820.0,['EC']
0581330001,17640.0,['EC']
0581340000,273024.0,['EC']
0581350000,63720.0,['EC']
0581350001,20.0,['IT']
0581360000,2.20752e+21,[]
0581370000,32400.0,['EC']
0581370001,123840.0,[]
0581380000,2.83824e+21,['EC']
0581380001,0.00865,['IT']
0581390000,11892182.399999999,['EC']
0581390001,54.8,['IT']
0581400000,Inf,None
0581410000,2808691.2,['B-']
0581420000,1.5768e+24,['B-']
0581430000,118940.40000000001,['B-']
0581440000,24616224.000000004,['B-']
0581450000,180.6,['B-']
0581460000,811.1999999999999,['B-']
0581470000,56.4,['B-']
0581480000,56.0,['B-']
0581490000,5.3,['B-']
0581500000,4.0,['B-']
0581510000,1.76,['B-']
0581520000,1.4,['B-']
0581530000,0.979,['B-']
0581540000,0.775,['B-']
0581550000,0.471,['B-']
0581560000,0.369,['B-']
0581570000,0.243,['B-']
0591210000,1.4,[]
0591220000,0.5,[]
0591230000,0.8,[]
0591240000,1.2,['EC', 'EP']
0591250000,3.3,['EC']
0591260000,3.14,['EC']
0591270000,4.2,['EC']
0591280000,2.85,['EC']
0591290000,32.0,['EC']
0591300000,40.0,['EC']
0591310000,90.6,['EC']
0591310001,5.73,['IT', 'EC']
0591320000,96.0,['EC']
0591330000,390.0,['EC']
0591340000,1020.0,['EC']
0591340001,660.0,['EC']
0591350000,1440.0,['EC']
0591360000,786.0,['EC']
0591370000,4608.0,['EC']
0591380000,87.0,['EC']
0591380001,7632.0,['EC']
0591390000,15876.0,['EC']
0591400000,203.4,['EC']
0591410000,Inf,None
0591420000,68832.0,[]
0591420001,876.0,['IT']
0591430000,1172448.0,['B-']
0591440000,1036.8000000000002,['B-']
0591440001,432.0,[]
0591450000,21542.4,['B-']
0591460000,1449.0,['B-']
0591470000,804.0,['B-']
0591480000,137.4,['B-']
0591480001,120.6,['B-']
0591490000,135.6,['B-']
0591500000,6.19,['B-']
0591510000,18.9,['B-']
0591520000,3.63,['B-']
0591530000,4.28,['B-']
0591540000,2.3,['B-']
0591550000,0.852,['B-']
0591560000,0.733,['B-']
0591570000,0.598,['B-']
0591580000,0.134,['B-']
0591590000,0.106,['B-']
0601240000,0.5,[]
0601250000,0.6,['EC', 'EP']
0601260000,2.0000000000000002e-07,[]
0601270000,1.8,['EC']
0601280000,5.0,['EC']
0601290000,4.9,['EP', 'EC']
0601300000,21.0,['EC']
0601310000,26.0,['EC']
0601320000,94.0,['EC']
0601330000,70.0,['EC']
0601330001,70.0,['EC']
0601340000,510.0,['EC']
0601350000,744.0,['EC']
0601350001,330.0,['EC', 'IT']
0601360000,3039.0,['EC']
0601370000,2310.0,['EC']
0601370001,1.6,['IT']
0601380000,18144.0,['EC']
0601390000,1782.0,['EC']
0601390001,19800.0,[]
0601400000,291168.0,['EC']
0601410000,8964.0,['EC']
0601410001,62.0,['IT']
0601420000,Inf,None
0601430000,Inf,None
0601440000,7.221744e+22,['A']
0601450000,Inf,None
0601460000,Inf,None
0601470000,948672.0,['B-']
0601480000,Inf,None
0601490000,6220.8,['B-']
0601500000,2.491344e+26,[]
0601510000,746.4,['B-']
0601520000,684.0,['B-']
0601530000,31.6,['B-']
0601540000,25.9,['B-']
0601550000,8.9,['B-']
0601560000,5.49,['B-']
0601570000,1.91,['B-']
0601580000,1.33,['B-']
0601590000,0.773,['B-']
0601600000,0.588,['B-']
0601610000,0.488,['B-']
0611260000,0.5,[]
0611270000,1.0,[]
0611280000,1.0,['EC']
0611290000,2.4,['EC']
0611300000,2.6,['EC']
0611310000,6.3,['EC']
0611320000,6.2,['EC']
0611330000,15.0,['EC']
0611330001,8.8,['EC', 'IT']
0611340000,5.0,['EC']
0611340001,22.0,['EC']
0611350000,49.0,['EC']
0611350001,45.0,['EC']
0611360000,47.0,['EC']
0611360001,107.0,['EC']
0611370000,144.0,['EC']
0611380000,10.0,['EC']
0611380001,194.4,['EC']
0611390000,249.00000000000003,['EC']
0611390001,0.18,[]
0611400000,357.0,['EC']
0611400001,357.0,['EC']
0611410000,1254.0,['EC']
0611420000,40.5,['EC']
0611420001,0.002,['IT']
0611430000,22896000.0,['EC']
0611440000,31363200.0,['EC']
0611450000,558187200.0,[]
0611460000,174394080.0,[]
0611470000,82731542.4,['B-']
0611480000,463795.2,['B-']
0611480001,3567456.0,[]
0611490000,191088.0,['B-']
0611500000,9648.0,['B-']
0611510000,102240.0,['B-']
0611520000,247.20000000000002,['B-']
0611520001,451.2,['B-']
0611520010,828.0,['IT', 'B-']
0611530000,315.0,['B-']
0611540000,103.8,['B-']
0611540001,160.8,['B-']
0611550000,41.5,['B-']
0611560000,26.7,['B-']
0611570000,10.56,['B-']
0611580000,4.8,['B-']
0611590000,1.47,['B-']
0611600000,1.56,['B-']
0611610000,1.06,['B-']
0611620000,0.268,['B-']
0611630000,0.2,['B-']
0621280000,0.5,['EC']
0621290000,0.55,['EC', 'EP']
0621300000,1.0,['EC']
0621310000,1.2,['EC', 'EP']
0621320000,4.0,['EC']
0621330000,3.7,['EC', 'EP']
0621340000,9.5,['EC']
0621350000,10.3,['EC', 'EP']
0621360000,47.0,['EC']
0621370000,45.0,['EC']
0621380000,186.0,['EC']
0621390000,154.2,['EC']
0621390001,10.7,['IT', 'EC']
0621400000,889.2,['EC']
0621410000,612.0,['EC']
0621410001,1356.0,['EC', 'IT']
0621420000,4349.4,['EC']
0621430000,525.0,['EC']
0621430001,66.0,[]
0621430010,0.03,['IT']
0621440000,Inf,None
0621450000,29376000.0,['EC']
0621460000,3248208000000000.0,['A']
0621470000,3.342816e+18,['A']
0621480000,2.20752e+23,['A']
0621490000,Inf,None
0621500000,Inf,None
0621510000,2838240000.0,['B-']
0621520000,Inf,None
0621530000,167400.0,['B-']
0621530001,0.0106,['IT']
0621540000,Inf,None
0621550000,1338.0,['B-']
0621560000,33840.0,['B-']
0621570000,482.0,['B-']
0621580000,318.0,['B-']
0621590000,11.37,['B-']
0621600000,9.6,['B-']
0621610000,4.8,['B-']
0621620000,2.4,['B-']
0621630000,1.75,['B-']
0621640000,1.23,['B-']
0621650000,0.764,['B-']
0631300000,0.0009000000000000001,['P']
0631310000,0.0178,['P', 'EC']
0631320000,0.1,[]
0631330000,1.0,[]
0631340000,0.5,['EC', 'EP']
0631350000,1.5,['EC']
0631360000,3.8,['EC']
0631360001,3.3,['EC', 'EP']
0631360010,3.8,['EP']
0631370000,11.0,['EC']
0631380000,12.1,['EC']
0631390000,17.9,['EC']
0631400000,1.51,['EC']
0631400001,0.125,['IT', 'EC']
0631410000,40.7,['EC']
0631410001,2.7,[]
0631420000,2.34,['EC']
0631420001,73.38000000000001,['EC']
0631430000,155.39999999999998,['EC']
0631440000,10.2,['EC']
0631450000,512352.0,['EC']
0631460000,396576.0,['EC']
0631470000,2082240.0000000002,[]
0631480000,4708800.0,['A']
0631490000,8043839.999999999,['EC']
0631500000,1163678400.0,['EC']
0631500001,46080.0,[]
0631510000,5.36112e+25,['A']
0631520000,426902832.0,[]
0631520001,33521.76,[]
0631520010,5760.0,['IT']
0631530000,Inf,None
0631540000,271241136.0,[]
0631540001,2760.0,['IT']
0631550000,149890608.0,['B-']
0631560000,1312416.0,['B-']
0631570000,54648.0,['B-']
0631580000,2754.0,['B-']
0631590000,1086.0,['B-']
0631600000,38.0,['B-']
0631610000,26.0,['B-']
0631620000,10.6,['B-']
0631630000,7.7,['B-']
0631640000,2.84,['B-']
0631650000,2.3,['B-']
0631660000,0.4,['B-']
0631670000,0.2,[]
0641340000,0.4,[]
0641350000,1.1,['EC', 'EP']
0641360000,2.0000000000000002e-07,['EC']
0641370000,2.2,['EC']
0641380000,4.7,['EC']
0641390000,5.8,['EP', 'EC']
0641390001,4.8,['EP', 'EC']
0641400000,15.8,['EC']
0641410000,14.0,['EC']
0641410001,24.5,['EC', 'IT']
0641420000,70.2,['EC']
0641430000,39.0,['EC']
0641430001,110.0,['EC']
0641440000,268.2,['EC']
0641450000,1380.0,['EC']
0641450001,85.0,[]
0641460000,4170528.0000000005,['EC']
0641470000,137016.0,['EC']
0641480000,2352585600.0,['A']
0641490000,801792.0,['EC']
0641500000,56449440000000.0,['A']
0641510000,10713600.0,['A']
0641520000,3.405888e+21,['A']
0641530000,20770560.0,['EC']
0641540000,Inf,None
0641550000,Inf,None
0641550001,0.03197,['IT']
0641560000,Inf,None
0641570000,Inf,None
0641580000,Inf,None
0641590000,66524.4,['B-']
0641600000,9.77616e+26,[]
0641610000,219.60000000000002,['B-']
0641620000,504.0,['B-']
0641630000,68.0,['B-']
0641640000,45.0,['B-']
0641650000,10.3,['B-']
0641660000,4.8,['B-']
0641670000,None,['B-']
0641680000,None,['B-']
0641690000,None,['B-']
0651350000,0.00094,[]
0651360000,0.2,[]
0651370000,0.6,[]
0651380000,2.0000000000000002e-07,['EC']
0651390000,1.6,[]
0651400000,2.4,['EC', 'EP']
0651410000,3.5,['EC']
0651410001,7.9,['EC']
0651420000,0.597,['EC']
0651420001,0.303,['IT']
0651430000,12.0,['EC']
0651430001,21.0,['EC']
0651440000,1.0,['EC']
0651440001,4.25,['IT', 'EC']
0651450000,None,['EC']
0651450001,30.9,['EC']
0651460000,8.0,['EC']
0651460001,23.0,['EC']
0651460010,0.00118,['IT']
0651470000,5904.0,['EC']
0651470001,109.80000000000001,['EC']
0651480000,3600.0,['EC']
0651480001,132.0,['EC']
0651490000,14824.800000000001,['A']
0651490001,249.60000000000002,['EC']
0651500000,12528.0,['EC', 'A']
0651500001,348.0,['EC']
0651510000,63392.40000000001,['EC']
0651510001,25.0,[]
0651520000,63000.0,['EC']
0651520001,252.0,['IT', 'EC']
0651530000,202176.0,['EC']
0651540000,77400.0,['EC', 'B-']
0651540001,33840.0,['EC', 'IT']
0651540010,81720.0,['EC', 'IT']
0651550000,459648.0,['EC']
0651560000,462239.99999999994,['EC']
0651560001,87840.0,['IT']
0651560010,19080.0,['IT']
0651570000,2239056000.0,['EC']
0651580000,5676480000.0,[]
0651580001,10.7,['IT']
0651590000,Inf,None
0651600000,6246720.0,['B-']
0651610000,596678.4,['B-']
0651620000,456.0,['B-']
0651630000,1170.0,['B-']
0651640000,180.0,['B-']
0651650000,126.6,['B-']
0651660000,25.1,['B-']
0651670000,19.4,['B-']
0651680000,8.2,['B-']
0651690000,2.0,[]
0651700000,3.0,[]
0651710000,0.5,['B-']
0661380000,0.2,['EC']
0661390000,0.6,[]
0661400000,None,['EC']
0661410000,0.9,['EC']
0661420000,2.3,['EC', 'EP']
0661430000,3.2,['EC']
0661430001,3.0,['EC']
0661440000,9.1,['EC']
0661450000,6.0,['EC', 'EP']
0661450001,14.1,['EC', 'ECP']
0661460000,29.0,['EC']
0661460001,0.15,['IT']
0661470000,40.0,['EC', 'EP']
0661470001,55.7,['IT', 'EC']
0661480000,198.0,['EC']
0661490000,252.0,['EC']
0661490001,0.49,[]
0661500000,430.2,['A']
0661510000,1074.0,['A']
0661520000,8568.0,['A']
0661530000,23040.0,['A']
0661540000,94608000000000.0,['A']
0661550000,35640.0,['EC']
0661560000,Inf,None
0661570000,29304.000000000004,['EC']
0661570001,0.0216,['IT']
0661580000,Inf,None
0661590000,12476160.0,['EC']
0661600000,Inf,None
0661610000,Inf,None
0661620000,Inf,None
0661630000,Inf,None
0661640000,Inf,None
0661650000,8402.4,['B-']
0661650001,75.41999999999999,[]
0661660000,293760.0,['B-']
0661670000,372.0,['B-']
0661680000,522.0,['B-']
0661690000,39.0,['B-']
0661700000,30.0,['B-']
0661710000,6.0,['B-']
0661720000,3.0,['B-']
0661730000,2.0,['B-']
0671400000,0.006,['P']
0671410000,0.0040999999999999995,['P']
0671420000,0.4,['EC', 'EP', 'P']
0671430000,2.0000000000000002e-07,[]
0671440000,0.7,['EC']
0671450000,2.4,['EC']
0671460000,3.6,['EC']
0671470000,5.8,['EC']
0671480000,2.2,['EC']
0671480001,9.59,['EC', 'EP']
0671480010,0.00236,['IT']
0671490000,21.1,['EC']
0671490001,56.0,['EC']
0671500000,72.0,['EC']
0671500001,23.3,['EC']
0671510000,35.2,['EC', 'A']
0671510001,47.2,['EC', 'A']
0671520000,161.8,['EC', 'A']
0671520001,50.0,['EC']
0671530000,120.6,['A']
0671530001,558.0,['EC', 'A']
0671540000,705.6,['EC', 'A']
0671540001,186.0,['EC', 'IT']
0671550000,2880.0,['EC']
0671550001,0.00088,['IT']
0671560000,3360.0,['EC']
0671560001,9.5,['IT']
0671560010,468.0,['IT', 'EC']
0671570000,756.0,['EC']
0671580000,678.0,['EC']
0671580001,1680.0,['IT', 'EC']
0671580010,1278.0,[]
0671590000,1982.9999999999998,['EC']
0671590001,8.3,['IT']
0671600000,1536.0,['EC']
0671600001,18072.0,['EC', 'IT']
0671600010,3.0,['IT']
0671610000,8928.0,['EC']
0671610001,6.76,['IT']
0671620000,900.0,['EC']
0671620001,4020.0,[]
0671630000,144119520000.0,['EC']
0671630001,1.09,['IT']
0671640000,1740.0,[]
0671640001,2250.0,['IT']
0671650000,Inf,None
0671660000,96480.0,['B-']
0671660001,37843200000.0,['B-']
0671670000,11160.0,['B-']
0671680000,179.4,['B-']
0671680001,132.0,['IT']
0671690000,283.2,['B-']
0671700000,165.6,['B-']
0671700001,43.0,['B-']
0671710000,53.0,['B-']
0671720000,25.0,['B-']
0671730000,10.0,['B-']
0671740000,8.0,['B-']
0671750000,5.0,['B-']
0681430000,0.2,['EC']
0681440000,2.0000000000000002e-07,['EC']
0681450000,None,['B-']
0681460000,1.7,['EC', 'EP']
0681470000,2.5,['EC', 'EP']
0681470001,2.5,['EC', 'EP']
0681480000,4.6,['EC']
0681490000,4.0,['EC', 'EP']
0681490001,8.9,[]
0681500000,18.5,['EC']
0681510000,23.5,['EC']
0681510001,0.58,[]
0681520000,10.3,['A']
0681530000,37.1,['A']
0681540000,223.8,['A']
0681550000,318.0,['EC', 'A']
0681560000,1170.0,['EC']
0681570000,1119.0,['EC']
0681570001,0.076,['IT']
0681580000,8244.0,['EC']
0681590000,2160.0,['EC']
0681600000,102888.0,['EC']
0681610000,11556.0,['EC']
0681620000,Inf,None
0681630000,4500.0,['EC']
0681640000,Inf,None
0681650000,37296.0,['EC']
0681660000,Inf,None
0681670000,Inf,None
0681670001,2.269,['IT']
0681680000,Inf,None
0681690000,811468.7999999999,['B-']
0681700000,Inf,None
0681710000,27057.6,['B-']
0681720000,177480.0,['B-']
0681730000,84.0,['B-']
0681740000,192.0,['B-']
0681750000,72.0,['B-']
0681760000,20.0,['B-']
0681770000,3.0,['B-']
0691450000,3.1e-06,['P']
0691460000,0.08,[]
0691460001,0.2,[]
0691470000,0.58,['EC', 'P']
0691480000,0.7,['EC']
0691490000,0.9,['EC', 'EP']
0691500000,2.2,['EC']
0691500001,0.005200000000000001,['IT']
0691510000,4.17,['EC']
0691510001,4.51e-07,['IT']
0691520000,8.0,['EC']
0691520001,5.2,['EC']
0691530000,1.48,['EC']
0691530001,2.5,['EC', 'A']
0691540000,8.1,['A', 'EC']
0691540001,3.3,['A', 'EC']
0691550000,21.6,['EC', 'A']
0691550001,45.0,['EC', 'A']
0691560000,83.8,['EC', 'A']
0691570000,217.79999999999998,['EC']
0691580000,238.8,['EC']
0691590000,547.8000000000001,['EC']
0691600000,564.0,['EC']
0691600001,74.5,[]
0691610000,1812.0,['EC']
0691620000,1302.0,['EC']
0691620001,24.3,['IT', 'EC']
0691630000,6516.0,['EC']
0691640000,120.0,['EC']
0691640001,306.0,['IT', 'EC']
0691650000,108216.0,['EC']
0691660000,27720.0,['EC']
0691660001,0.34,['IT']
0691670000,799200.0,['EC']
0691680000,8043839.999999999,[]
0691690000,Inf,None
0691700000,11111040.0,[]
0691710000,60549120.0,['B-']
0691720000,228960.0,['B-']
0691730000,29664.0,['B-']
0691740000,324.0,['B-']
0691750000,912.0,['B-']
0691760000,114.0,['B-']
0691770000,90.0,['B-']
0691780000,30.0,['B-']
0691790000,20.0,['B-']
0701480000,0.25,[]
0701490000,0.7,['EP', 'EC']
0701500000,2.0000000000000002e-07,[]
0701510000,1.6,['EC', 'EP']
0701510001,1.6,['EC', 'IT']
0701520000,3.04,['EC']
0701530000,4.2,['A', 'EC']
0701540000,0.409,['A', 'EC']
0701550000,1.793,['A', 'EC']
0701560000,26.1,['EC', 'A']
0701570000,38.6,['EC', 'A']
0701580000,89.4,['EC']
0701590000,100.19999999999999,['EC']
0701600000,288.0,['EC']
0701610000,252.0,['EC']
0701620000,1132.2,['EC']
0701630000,663.0,['EC']
0701640000,4548.0,['EC']
0701650000,594.0,['EC']
0701660000,204120.0,['EC']
0701670000,1050.0,['EC']
0701680000,Inf,None
0701690000,2766355.2,['EC']
0701690001,46.0,['IT']
0701700000,Inf,None
0701710000,Inf,None
0701710001,0.00525,['IT']
0701720000,Inf,None
0701730000,Inf,None
0701740000,Inf,None
0701750000,361583.99999999994,['B-']
0701750001,0.06820000000000001,['IT']
0701760000,Inf,None
0701760001,11.4,['IT']
0701770000,6879.6,['B-']
0701770001,6.41,['IT']
0701780000,4440.0,['B-']
0701790000,480.0,['B-']
0701800000,144.0,['B-']
0701810000,60.0,['B-']
0711500000,0.043000000000000003,['P', 'EC']
0711510000,0.08059999999999999,['P', 'EC']
0711520000,0.7,['EC', 'EP']
0711530000,0.9,['A', 'EC']
0711530001,1.0,[]
0711540000,2.0,[]
0711540001,1.12,['EC']
0711550000,0.068,['A', 'EC']
0711550001,0.138,['A', 'EC']
0711550010,0.00269,['A']
0711560000,0.494,['A', 'EC']
0711560001,0.198,['A']
0711570000,6.8,['A']
0711570001,4.79,['A', 'EC']
0711580000,10.6,['EC', 'A']
0711590000,12.1,['EC', 'A']
0711600000,36.1,['EC']
0711600001,40.0,['EC']
0711610000,77.0,['EC']
0711610001,0.0073,['IT']
0711620000,82.2,['EC']
0711620001,90.0,['EC']
0711620010,114.0,['EC']
0711630000,238.20000000000002,['EC']
0711640000,188.4,['EC']
0711650000,644.4,['EC']
0711660000,159.0,['EC']
0711660001,84.6,['IT', 'EC']
0711660010,127.2,['EC', 'IT']
0711670000,3090.0,['EC']
0711670001,60.0,[]
0711680000,330.0,['EC']
0711680001,402.0,[]
0711690000,122616.00000000001,['EC']
0711690001,160.0,['IT']
0711700000,173836.8,['EC']
0711700001,0.67,['IT']
0711710000,711936.0,['EC']
0711710001,79.0,['IT']
0711720000,578880.0,['EC']
0711720001,222.0,['IT']
0711730000,43204320.0,['EC']
0711740000,104384160.0,['EC']
0711740001,12268800.0,[]
0711750000,Inf,None
0711760000,1.1857536e+18,['B-']
0711760001,13086.0,[]
0711770000,574300.8,['B-']
0711770001,13862016.0,[]
0711770010,390.0,['B-']
0711780000,1704.0,['B-']
0711780001,1386.0,['B-']
0711790000,16524.0,['B-']
0711790001,0.0031000000000000003,['IT']
0711800000,342.0,['B-']
0711800001,0.001,['IT']
0711810000,210.0,['B-']
0711820000,120.0,['B-']
0711830000,58.0,['B-']
0711840000,20.0,['B-']
0721530000,6.000000000000001e-08,['EC']
0721540000,2.0,['EC', 'A']
0721550000,0.89,['EC']
0721560000,0.023,['A']
0721570000,0.11,['A', 'EC']
0721580000,2.85,['EC', 'A']
0721590000,5.6,['EC', 'A']
0721600000,13.6,['EC', 'A']
0721610000,18.2,['EC', 'A']
0721620000,39.4,['EC']
0721630000,40.0,['EC']
0721640000,111.0,['EC']
0721650000,76.0,['EC']
0721660000,406.2,['EC']
0721670000,122.99999999999999,['EC']
0721680000,1557.0,['EC']
0721690000,194.4,['EC']
0721700000,57636.00000000001,['EC']
0721710000,43560.0,['EC']
0721710001,29.5,['IT']
0721720000,58972320.0,['EC']
0721730000,84960.0,['EC']
0721740000,6.3072e+22,['A']
0721750000,6048000.0,['EC']
0721760000,Inf,None
0721770000,Inf,None
0721770001,1.09,['IT']
0721770010,3084.0,['IT']
0721780000,Inf,None
0721780001,4.0,['IT']
0721780010,977616000.0,['IT']
0721790000,Inf,None
0721790001,18.67,['IT']
0721790010,2164320.0,['IT']
0721800000,Inf,None
0721800001,19800.0,[]
0721810000,3662496.0,['B-']
0721820000,280670400000000.0,['B-']
0721820001,3690.0,[]
0721830000,3841.2,['B-']
0721840000,14832.0,['B-']
0721840001,48.0,['IT']
0721850000,210.0,['B-']
0721860000,156.0,['B-']
0721870000,30.0,['B-']
0721880000,20.0,['B-']
0731550000,0.0029,['P']
0731560000,0.14400000000000002,['P']
0731560001,0.36,['EC', 'P']
0731570000,0.0101,['A', 'P']
0731570001,0.0043,['A']
0731570010,0.0017,['A']
0731580000,0.055,['A', 'EC']
0731580001,0.0367,['A', 'EC']
0731590000,0.83,['EC', 'A']
0731590001,0.515,['A', 'EC']
0731600000,1.55,['EC', 'A']
0731600001,1.7,[]
0731610000,2.89,['EC']
0731620000,3.57,['EC', 'A']
0731630000,10.6,['EC', 'A']
0731640000,14.2,['EC']
0731650000,31.0,['EC']
0731660000,34.4,['EC']
0731670000,80.0,['EC']
0731680000,120.0,['EC']
0731690000,294.0,['EC']
0731700000,405.59999999999997,['EC']
0731710000,1398.0,['EC']
0731720000,2208.0,['EC']
0731730000,11304.0,['EC']
0731740000,4104.0,['EC']
0731750000,37800.0,['EC']
0731760000,29124.0,['EC']
0731760001,0.0011,['IT']
0731760010,0.0009699999999999999,['IT']
0731770000,203616.0,['EC']
0731780000,558.6,['EC']
0731780001,8496.0,['EC']
0731780010,0.058,['IT']
0731790000,57395520.0,['EC']
0731790001,0.009000000000000001,['IT']
0731790010,0.0541,['IT']
0731800000,29354.4,[]
0731800001,3.78432e+22,['B-']
0731810000,Inf,None
0731820000,9913536.0,['B-']
0731820001,0.28300000000000003,['IT']
0731820010,950.4,['IT']
0731830000,440639.99999999994,['B-']
0731840000,31319.999999999996,['B-']
0731850000,2964.0,['B-']
0731850001,None,['IT']
0731860000,630.0,['B-']
0731870000,120.0,[]
0731880000,20.0,['B-']
0731890000,3.0,[]
0731900000,0.3,['B-']
0741580000,0.00125,['A']
0741590000,0.0073,['A', 'EC']
0741600000,0.091,['A']
0741610000,0.40900000000000003,['A']
0741620000,1.36,['EC', 'A']
0741630000,2.8,['EC', 'A']
0741640000,6.3,['EC', 'A']
0741650000,5.1,['EC', 'A']
0741660000,19.2,['EC']
0741670000,19.9,['EC', 'A']
0741680000,53.0,['EC']
0741690000,74.0,['EC']
0741700000,145.2,['EC']
0741710000,142.79999999999998,['EC']
0741720000,396.0,['EC']
0741730000,456.0,['EC']
0741740000,1992.0000000000002,['EC']
0741750000,2112.0,['EC']
0741760000,9000.0,['EC']
0741770000,7920.0,['EC']
0741780000,1866240.0000000002,['EC']
0741790000,2223.0,['EC']
0741790001,384.0,[]
0741800000,5.67648e+25,['A']
0741800001,0.00547,[]
0741810000,10471680.0,['EC']
0741820000,2.617488e+26,['A']
0741830000,4.09968e+26,['A']
0741830001,5.2,['IT']
0741840000,9.14544e+26,['A']
0741850000,6488639.999999999,['B-']
0741850001,100.19999999999999,['IT']
0741860000,5.36112e+27,['A']
0741860001,0.003,['IT']
0741870000,86400.0,['B-']
0741880000,6028992.0,['B-']
0741890000,642.0,['B-']
0741900000,1800.0,['B-']
0741900001,0.0031000000000000003,['IT']
0741910000,20.0,['B-']
0741920000,10.0,['B-']
0751600000,0.00082,['P', 'A']
0751610000,0.00037,['P']
0751610001,0.0156,['A', 'P']
0751620000,0.107,['A', 'EC']
0751620001,0.077,['EC', 'A']
0751630000,0.39,['EC', 'A']
0751630001,0.214,['EC', 'A']
0751640000,0.53,['A', 'EC']
0751640001,0.87,['A']
0751650000,1.0,['EC']
0751650001,2.1,['EC', 'A']
0751660000,2.25,['EC', 'A']
0751670000,5.9,['EC', 'A']
0751670001,3.4,['A']
0751680000,4.4,['EC']
0751690000,8.1,['EC', 'A']
0751690001,15.1,['A']
0751700000,9.2,['EC']
0751710000,15.2,['EC']
0751720000,55.0,['EC']
0751720001,15.0,['EC']
0751730000,118.8,['EC']
0751740000,144.0,['EC']
0751750000,353.4,['EC']
0751760000,318.0,['EC']
0751770000,840.0,['EC']
0751780000,792.0,['EC']
0751790000,1170.0,['EC']
0751800000,146.4,['EC']
0751810000,71640.0,['EC']
0751820000,230400.0,['EC']
0751820001,45720.0,['EC']
0751830000,6048000.0,['EC']
0751830001,0.0010400000000000001,['IT']
0751840000,3058560.0,['EC']
0751840001,14601600.0,[]
0751850000,Inf,None
0751860000,321261.12,[]
0751860001,6307200000000.0,['IT']
0751870000,1.3655088e+18,['B-']
0751880000,61214.4,['B-']
0751880001,1115.4,['IT']
0751890000,87480.0,['B-']
0751900000,186.0,['B-']
0751900001,11520.0,['B-', 'IT']
0751910000,588.0,['B-']
0751920000,16.0,['B-']
0751930000,None,['B-']
0751940000,1.0,['B-']
0761620000,0.0020499999999999997,['A']
0761630000,0.0055,['A']
0761640000,0.021,['A', 'EC']
0761650000,0.07100000000000001,['A', 'EC']
0761660000,0.199,['A', 'EC']
0761670000,0.81,['A', 'EC']
0761680000,2.1,['A']
0761690000,3.43,['EC', 'A']
0761700000,7.37,['EC', 'A']
0761710000,8.3,['A']
0761720000,19.2,['EC', 'A']
0761730000,22.4,['A', 'EC']
0761740000,44.0,['EC', 'A']
0761750000,84.0,['EC']
0761760000,216.0,['EC']
0761770000,180.0,['EC']
0761780000,300.0,['EC']
0761790000,390.0,['EC']
0761800000,1290.0,['EC']
0761810000,6300.0,['EC']
0761810001,162.0,['EC', 'IT']
0761820000,78624.0,['EC']
0761830000,46800.0,['EC']
0761830001,35640.0,[]
0761840000,1.766016e+21,['A']
0761850000,8087039.999999999,['EC']
0761860000,6.3072e+22,['A']
0761870000,Inf,None
0761880000,Inf,None
0761890000,Inf,None
0761890001,20916.0,['IT']
0761900000,Inf,None
0761900001,594.0,['IT']
0761910000,1330560.0,['B-']
0761910001,47160.0,['IT']
0761920000,Inf,None
0761920001,5.9,['B-', 'IT']
0761930000,108396.0,['B-']
0761940000,189216000.0,['B-']
0761950000,540.0,['B-']
0761960000,2094.0,['B-']
0771640000,0.14,[]
0771640001,9.499999999999999e-05,[]
0771650000,1e-06,[]
0771660000,0.0105,[]
0771660001,0.0151,['A', 'P']
0771670000,0.0352,['A', 'P', 'EC']
0771670001,0.0257,['EC', 'A', 'P']
0771680000,0.222,['A']
0771680001,0.16,['A']
0771690000,0.64,['A']
0771690001,0.281,['A']
0771700000,0.87,['EC', 'A']
0771700001,0.811,['EC', 'IT', 'A']
0771710000,3.5,[]
0771710001,1.4,['A', 'P', 'EC']
0771720000,4.4,['EC', 'A']
0771720001,2.0,['EC', 'A']
0771730000,9.0,['EC', 'A']
0771730001,2.2,['EC', 'A']
0771740000,7.9,['EC', 'A']
0771740001,4.9,['A']
0771750000,9.0,['EC', 'A']
0771760000,8.7,['EC', 'A']
0771770000,30.0,['EC']
0771780000,12.0,['EC']
0771790000,79.0,['EC']
0771800000,90.0,['EC']
0771810000,294.0,['EC']
0771820000,900.0,['EC']
0771830000,3480.0,['EC']
0771840000,11124.0,['EC']
0771850000,51840.0,['EC']
0771860000,59904.0,['EC']
0771860001,6840.0,['EC', 'IT']
0771870000,37800.0,['EC']
0771870001,0.0303,['IT']
0771880000,149400.0,['EC']
0771880001,0.004200000000000001,[]
0771890000,1140480.0,['EC']
0771890001,0.013300000000000001,['IT']
0771890010,0.0037,['IT']
0771900000,1017792.0,['EC']
0771900001,4032.0000000000005,['IT']
0771900010,11113.2,[]
0771910000,Inf,None
0771910001,4.899,['IT']
0771910010,5.5,['IT']
0771920000,6378652.8,[]
0771920001,87.0,[]
0771920010,7600176000.0,['IT']
0771930000,Inf,None
0771930001,909792.0,['IT']
0771940000,69408.0,['B-']
0771940001,0.03185,['IT']
0771940010,14774400.0,['B-']
0771950000,9000.0,['B-']
0771950001,13680.0,[]
0771960000,52.0,['B-']
0771960001,5040.0,['B-']
0771970000,348.0,['B-']
0771970001,534.0,['B-', 'IT']
0771980000,8.0,['B-']
0771990000,6.0,['B-']
0781660000,0.0003,['A']
0781670000,0.0007800000000000001,['A']
0781680000,0.002,['A']
0781690000,0.007,['A']
0781700000,0.014,['A']
0781710000,0.051000000000000004,['A', 'EC']
0781720000,0.096,['A', 'EC']
0781730000,0.382,['A', 'EC']
0781740000,0.889,['A', 'EC']
0781750000,2.53,['A', 'EC']
0781760000,6.33,['EC', 'A']
0781770000,10.6,['EC', 'A']
0781780000,21.1,['EC', 'A']
0781790000,21.2,['EC', 'A']
0781800000,56.0,['EC', 'A']
0781810000,52.0,['EC', 'A']
0781820000,180.0,['EC', 'A']
0781830000,390.0,['EC']
0781830001,43.0,['EC']
0781840000,1038.0,['A']
0781840001,0.00101,['IT']
0781850000,4254.0,['EC', 'A']
0781850001,1980.0,['EC']
0781860000,7488.0,['EC']
0781870000,8460.0,['EC']
0781880000,881279.9999999999,['EC']
0781890000,39132.0,['EC']
0781900000,2.04984e+19,['A']
0781910000,242092.80000000002,['EC']
0781920000,Inf,None
0781930000,1576800000.0,['EC']
0781930001,374112.0,['IT']
0781940000,Inf,None
0781950000,Inf,None
0781950001,346464.0,['IT']
0781960000,Inf,None
0781970000,71609.40000000001,['B-']
0781970001,5724.599999999999,[]
0781980000,Inf,None
0781990000,1848.0,['B-']
0781990001,13.6,['IT']
0782000000,45360.0,['B-']
0782010000,150.0,['B-']
0782020000,158400.0,['B-']
0791690000,0.00015,[]
0791700000,0.000286,['P', 'A']
0791700001,0.00062,['A', 'P']
0791710000,1.7e-05,['P']
0791710001,0.00102,['P', 'A']
0791730000,0.025,['A']
0791730001,0.014,['P', 'A', 'EC']
0791740000,0.139,['A']
0791740001,0.16290000000000002,[]
0791750000,None,['A']
0791750001,0.156,['A', 'EC']
0791760000,1.05,[]
0791760001,1.36,[]
0791770000,1.462,['A']
0791770001,1.18,[]
0791780000,2.6,['EC', 'A']
0791790000,3.3,['EC', 'A']
0791800000,8.1,['EC', 'A']
0791810000,13.7,['EC', 'A']
0791820000,15.6,['EC', 'A']
0791830000,42.8,['A']
0791840000,20.6,['EC']
0791840001,47.6,['IT', 'EC']
0791850000,255.0,['EC', 'A']
0791860000,642.0,['EC']
0791870000,504.0,['EC']
0791870001,2.3,['IT']
0791880000,530.4,['EC']
0791890000,1722.0,['EC']
0791890001,16524.0,['EC']
0791900000,2568.0,['EC']
0791900001,0.125,['IT']
0791910000,11448.0,['EC']
0791910001,0.92,['IT']
0791920000,17784.0,['EC']
0791920001,0.029,['IT']
0791920010,0.16,['IT']
0791930000,63539.99999999999,['EC']
0791930001,3.9,[]
0791940000,136872.0,['EC']
0791940001,0.6,['IT']
0791940010,0.42,['IT']
0791950000,16078867.200000001,['EC']
0791950001,30.5,['IT']
0791960000,532820.16,[]
0791960001,8.1,['IT']
0791960010,34560.0,['IT']
0791970000,Inf,None
0791970001,7.73,['IT']
0791980000,232822.08000000002,['B-']
0791980001,196300.8,['IT']
0791990000,271209.6,['B-']
0792000000,2904.0,['B-']
0792000001,67320.0,['B-', 'IT']
0792010000,1560.0,['B-']
0792020000,28.4,['B-']
0792030000,60.0,['B-']
0792040000,39.8,['B-']
0792050000,31.0,['B-']
0801710000,5.9e-05,['A']
0801720000,0.00029,['A']
0801730000,0.0007,['A']
0801740000,0.0019,['A']
0801750000,0.0107,['A']
0801760000,0.020300000000000002,['A', 'EC']
0801770000,0.1273,['A', 'EC']
0801780000,0.269,['A', 'EC']
0801790000,1.08,['A', 'EC', 'EP']
0801800000,2.58,['EC', 'A']
0801810000,3.6,['EC', 'A', 'EP']
0801820000,10.83,['EC', 'A']
0801830000,9.4,['EC', 'A']
0801840000,30.9,['EC', 'A']
0801850000,49.1,['EC', 'A']
0801850001,21.6,['EC', 'IT', 'A']
0801860000,82.8,['A']
0801870000,144.0,['EC', 'A']
0801870001,114.0,['EC']
0801880000,195.0,['EC']
0801890000,456.0,['EC']
0801890001,516.0,['EC']
0801900000,1200.0,['EC']
0801910000,2940.0,['EC']
0801910001,3048.0,['EC']
0801920000,17460.0,['EC']
0801930000,13680.0,['EC']
0801930001,42480.0,['EC', 'IT']
0801940000,14001984000.0,['EC']
0801950000,37908.0,['EC']
0801950001,149760.0,[]
0801960000,Inf,None
0801970000,230904.0,['EC']
0801970001,85680.0,[]
0801980000,Inf,None
0801990000,Inf,None
0801990001,2560.2000000000003,['IT']
0802000000,Inf,None
0802010000,Inf,None
0802020000,Inf,None
0802030000,4025721.6,['B-']
0802040000,Inf,None
0802050000,308.4,['B-']
0802050001,0.00109,['IT']
0802060000,499.20000000000005,['B-']
0802070000,174.0,['B-']
0802080000,2460.0,['B-']
0802090000,35.0,['B-']
0802100000,None,['B-']
0811760000,0.006,['P']
0811770000,0.018000000000000002,['A', 'P']
0811780000,0.06,[]
0811790000,0.23,['A']
0811790001,0.0017,['A']
0811800000,1.09,['EC', 'A']
0811810000,3.2,['A']
0811810001,0.0014,['IT']
0811820000,3.1,['EC', 'A']
0811830000,6.9,[]
0811830001,0.0533,['A']
0811840000,11.0,['EC', 'A']
0811850000,19.5,['EC']
0811850001,1.93,[]
0811860000,27.5,['EC']
0811860001,2.9,['IT']
0811870000,51.0,['EC', 'A']
0811870001,15.6,['EC', 'A']
0811880000,71.0,['EC']
0811880001,71.0,['EC']
0811880010,0.041,['IT']
0811890000,138.0,['EC']
0811890001,84.0,['EC']
0811900000,222.0,['EC']
0811900001,156.0,['EC']
0811910000,1200.0,['EC']
0811910001,313.2,['EC']
0811920000,576.0,['EC']
0811920001,648.0,['EC']
0811930000,1296.0,['EC']
0811930001,126.6,['EC']
0811940000,1980.0,['EC']
0811940001,1967.9999999999998,['EC']
0811950000,4176.0,['EC']
0811950001,3.6,['IT']
0811960000,6624.0,['EC']
0811960001,5076.0,[]
0811970000,10224.0,['EC']
0811970001,0.54,['IT']
0811980000,19080.0,['EC']
0811980001,6732.0,[]
0811980010,0.032100000000000004,['IT']
0811990000,26712.0,['EC']
0811990001,0.028399999999999998,['IT']
0812000000,93960.0,['EC']
0812000001,0.034,['IT']
0812010000,262837.44,['EC']
0812010001,0.0020099999999999996,['IT']
0812020000,1063584.0,['EC']
0812030000,Inf,None
0812040000,119300688.0,[]
0812050000,Inf,None
0812060000,252.12,['B-']
0812060001,224.4,['IT']
0812070000,286.2,['B-']
0812070001,1.33,['IT']
0812080000,183.18,['B-']
0812090000,132.0,['B-']
0812100000,78.0,[]
0812110000,60.0,['B-']
0812120000,None,['B-']
0821780000,0.00023,['A']
0821790000,0.003,['A']
0821800000,0.0045000000000000005,['A']
0821810000,0.036000000000000004,['A']
0821810001,0.045,['A']
0821820000,0.055,['A']
0821830000,0.535,['A']
0821830001,0.41500000000000004,['A']
0821840000,0.49,['EC', 'A']
0821850000,6.3,['A']
0821850001,4.3,['A']
0821860000,4.82,['EC', 'A']
0821870000,15.2,['EC', 'A']
0821870001,18.3,['A', 'EC']
0821880000,25.1,['EC', 'A']
0821890000,39.0,['A', 'EC']
0821890001,50.0,['EC']
0821900000,71.0,['EC', 'A']
0821910000,79.80000000000001,['EC', 'A']
0821910001,130.8,['EC', 'A']
0821920000,210.0,['EC']
0821930000,120.0,['EC']
0821930001,348.0,['EC']
0821940000,720.0,['A']
0821950000,900.0,['EC']
0821950001,900.0,['EC']
0821960000,2220.0,['EC']
0821970000,480.0,['EC']
0821970001,2580.0,[]
0821980000,8640.0,['EC']
0821990000,5400.0,['EC']
0821990001,732.0,['IT', 'EC']
0822000000,77400.0,['EC']
0822010000,33588.0,['EC']
0822010001,60.8,['IT']
0822020000,1655640000000.0,['EC']
0822020001,12744.0,[]
0822030000,186912.0,['EC']
0822030001,6.21,['IT']
0822030010,0.48,['IT']
0822040000,None,['A']
0822040001,4015.8,['IT']
0822050000,545572800000000.0,['EC']
0822050001,0.00555,['IT']
0822060000,Inf,None
0822070000,Inf,None
0822070001,0.806,['IT']
0822080000,Inf,None
0822090000,11710.800000000001,['B-']
0822100000,700099200.0,[]
0822110000,2166.0,['B-']
0822120000,38304.0,['B-']
0822130000,612.0,['B-']
0822140000,1608.0,['B-']
0822150000,36.0,['B-']
0831840000,0.013000000000000001,['A', 'A']
0831840001,0.0066,['A']
0831850000,5.8e-05,['P', 'A']
0831860000,0.015,['A']
0831860001,0.009800000000000001,['A']
0831870000,0.032,['A']
0831870001,0.00031,['A']
0831880000,0.06,['A']
0831880001,0.265,['A']
0831890000,0.674,['A', 'EC']
0831890001,0.005,['A', 'EC']
0831900000,6.3,['A', 'EC']
0831900001,6.2,['A', 'EC']
0831910000,12.4,['A', 'EC']
0831910001,0.125,['A', 'IT']
0831920000,34.6,['EC', 'A']
0831920001,39.6,['EC', 'A']
0831930000,63.6,['EC', 'A']
0831930001,3.2,['EC', 'IT']
0831940000,95.0,['EC', 'A']
0831940001,125.0,['EC']
0831940010,115.0,['EC', 'A']
0831950000,183.0,['EC', 'A']
0831950001,87.0,['EC', 'IT']
0831960000,308.0,['EC']
0831960001,0.6,[]
0831960010,240.0,[]
0831970000,559.8,['EC']
0831970001,302.4,['EC', 'IT', 'A']
0831980000,618.0,['EC']
0831980001,696.0,['EC']
0831980010,7.7,[]
0831990000,1620.0,['EC']
0831990001,1482.0,['EC', 'A']
0832000000,2184.0,['EC']
0832000001,1860.0,['EC']
0832000010,0.4,[]
0832010000,6180.0,['EC']
0832010001,3450.0,['EC', 'A']
0832020000,6156.0,['EC']
0832030000,42336.0,['EC']
0832030001,0.305,['IT']
0832040000,40392.0,['EC']
0832040001,0.013000000000000001,['IT']
0832040010,0.00107,['IT']
0832050000,1322784.0,['EC']
0832060000,539395.2000000001,['EC']
0832070000,994960800.0,['EC']
0832080000,11605248000000.0,['EC']
0832080001,0.0025800000000000003,['IT']
0832090000,5.99184e+26,['A']
0832100000,433036.8,[]
0832100001,95869440000000.0,['A']
0832110000,128.4,[]
0832120000,3633.0,[]
0832120001,1500.0,['A', 'B-', 'BA']
0832120010,420.0,['B-']
0832130000,2735.4,[]
0832140000,1194.0,[]
0832150000,462.0,['B-']
0832150001,36.4,[]
0832160000,135.0,['B-']
0832170000,98.5,['B-']
0832180000,33.0,['B-']
0841880000,0.0004,['EC', 'A']
0841890000,0.0035,['A']
0841900000,0.0024500000000000004,['A']
0841910000,0.022,['A']
0841910001,0.093,['A']
0841920000,0.0332,['A']
0841930000,0.37,['A']
0841930001,0.37,['A']
0841940000,0.392,['A']
0841950000,4.64,['A', 'EC']
0841950001,1.92,['A', 'EC']
0841960000,5.8,['A', 'EC']
0841970000,84.0,['EC', 'A']
0841970001,32.0,['A', 'EC', 'IT']
0841980000,106.2,['A', 'EC']
0841990000,328.2,['EC', 'A']
0841990001,250.0,['A', 'EC', 'IT']
0842000000,690.6,['EC', 'A']
0842010000,936.0,['EC']
0842010001,538.0,['A', 'EC', 'IT']
0842020000,2676.0,['EC', 'A']
0842030000,2202.0,['A']
0842030001,45.0,['IT']
0842040000,12708.0,['A']
0842050000,6264.0,['A']
0842050001,0.0006450000000000001,['IT']
0842050010,0.0574,[]
0842060000,760320.0000000001,['A']
0842070000,20880.0,['A']
0842070001,2.79,['IT']
0842080000,91391328.0,['A']
0842090000,3216672000.0,['A']
0842100000,11955686.4,['A']
0842110000,0.516,['A']
0842110001,25.2,[]
0842120000,2.9899999999999996e-07,['A']
0842120001,45.1,[]
0842130000,4.2e-06,['A']
0842140000,0.0001643,['A']
0842150000,0.001781,['A']
0842160000,0.145,['A']
0842170000,1.53,['A']
0842180000,185.88,[]
0842190000,3.0000000000000004e-07,['B-']
0842200000,3.0000000000000004e-07,['B-']
0851930000,0.028,['A']
0851940000,0.04,['A']
0851940001,0.25,[]
0851950000,0.328,['A']
0851950001,0.147,['A']
0851960000,0.388,['A', 'EC']
0851960001,1.1e-05,[]
0851970000,0.388,['A', 'EC']
0851970001,2.0,['A', 'EC']
0851980000,4.2,['A', 'EC']
0851980001,1.0,['A', 'EC']
0851990000,7.03,['A', 'EC']
0852000000,43.0,['A', 'EC']
0852000001,47.0,['EC', 'A']
0852000010,7.9,['A', 'EC', 'IT']
0852010000,85.2,['A', 'EC']
0852020000,184.0,['EC', 'A']
0852020001,182.0,['EC', 'A']
0852020010,0.46,['IT', 'A']
0852030000,444.0,['EC', 'A']
0852040000,553.2,['A']
0852040001,0.108,['IT']
0852050000,1614.0,['A']
0852060000,1836.0,['A']
0852070000,6480.0,['A']
0852080000,5868.0,['A']
0852090000,19476.0,['A']
0852100000,29160.0,['A']
0852110000,25970.4,['A']
0852120000,0.314,['A']
0852120001,0.119,['A']
0852130000,1.2500000000000002e-07,['A']
0852140000,5.58e-07,['A']
0852150000,0.0001,['A']
0852160000,0.0003,['A']
0852170000,0.032299999999999995,[]
0852180000,1.5,[]
0852190000,56.0,[]
0852200000,222.6,[]
0852210000,138.0,['B-']
0852220000,54.0,['B-']
0852230000,50.0,['B-']
0861950000,0.006,['A']
0861950001,0.005,['A']
0861960000,0.0044,['A']
0861970000,0.066,['A']
0861970001,0.019,['A']
0861980000,0.065,['A']
0861990000,0.59,['A', 'EC']
0861990001,0.31,['A', 'EC']
0862000000,1.03,['A', 'EC']
0862010000,7.0,['EC']
0862010001,3.8,['EC']
0862020000,9.7,['A', 'EC']
0862030000,44.0,['A', 'EC']
0862030001,26.9,['A', 'EC']
0862040000,70.19999999999999,['A', 'EC']
0862050000,170.0,['EC', 'A']
0862060000,340.2,['A', 'EC']
0862070000,555.0,['A']
0862080000,1461.0,['A', 'EC']
0862090000,1728.0,['A']
0862100000,8640.0,['A']
0862110000,52560.0,['A']
0862120000,1434.0,['A']
0862130000,0.025,['A']
0862140000,2.7e-07,['A']
0862150000,2.2999999999999996e-06,['A']
0862160000,4.4999999999999996e-05,['A']
0862170000,0.00054,['A']
0862180000,0.035,['A']
0862190000,3.96,['A']
0862200000,55.6,['A']
0862210000,1542.0,[]
0862220000,330350.4,['A']
0862230000,1458.0,['B-']
0862240000,6420.0,['B-']
0862250000,279.6,['B-']
0862260000,444.0,['B-']
0862270000,20.8,['B-']
0862280000,65.0,['B-']
0871990000,0.012,['A']
0872000000,0.049,['A']
0872010000,0.069,['A']
0872020000,0.3,['A']
0872020001,0.29,['A']
0872030000,0.55,['A']
0872040000,1.7,['A', 'EC']
0872040001,2.6,['A']
0872040010,1.0,['A']
0872050000,3.8,['A']
0872060000,16.0,['A', 'EC']
0872060001,16.0,['A', 'EC']
0872060010,0.7,['IT', 'A']
0872070000,14.8,['A', 'EC']
0872080000,59.1,['A']
0872090000,50.0,['A', 'EC']
0872100000,190.8,['A', 'EC']
0872110000,186.0,['A', 'EC']
0872120000,1200.0,['A']
0872130000,34.82,['A', 'EC']
0872140000,0.005,['A']
0872140001,0.00335,['A']
0872150000,8.6e-08,['A']
0872160000,7e-07,['A']
0872170000,1.8999999999999998e-05,['A']
0872180000,0.001,['A']
0872180001,0.022,['A']
0872190000,0.02,['A']
0872200000,27.4,[]
0872210000,294.0,['A']
0872220000,852.0,['B-']
0872230000,1320.0,[]
0872240000,199.8,['B-']
0872250000,237.0,['B-']
0872260000,49.0,['B-']
0872270000,148.20000000000002,['B-']
0872280000,38.0,['B-']
0872290000,50.2,['B-']
0872300000,19.1,['B-']
0872310000,17.6,['B-']
0872320000,5.5,['B-']
0882020000,0.016,['A']
0882030000,0.031,['A']
0882030001,0.024,['A']
0882040000,0.059000000000000004,['A']
0882050000,0.21,['A']
0882050001,0.17,['A']
0882060000,0.24,['A']
0882070000,1.3,['A', 'EC']
0882070001,0.055,['A', 'EC', 'IT']
0882080000,1.3,['A', 'EC']
0882090000,4.6,['A', 'EC']
0882100000,3.7,['A', 'EC']
0882110000,13.0,['A', 'EC']
0882120000,13.0,['A', 'EC']
0882130000,163.8,['A', 'EC']
0882130001,0.0021000000000000003,[]
0882140000,2.46,['A']
0882150000,0.0015500000000000002,['A']
0882160000,1.8200000000000002e-07,['A']
0882170000,1.6e-06,['A']
0882180000,2.52e-05,['A']
0882190000,0.01,['A']
0882200000,0.018000000000000002,['A']
0882210000,28.0,['A']
0882220000,36.17,['A']
0882230000,987552.0,['A']
0882240000,316224.0,['A']
0882250000,1287360.0,['B-']
0882260000,50457600000.0,['A']
0882270000,2532.0,['B-']
0882280000,181332000.0,['B-']
0882290000,240.0,['B-']
0882300000,5580.0,['B-']
0882310000,103.0,['B-']
0882320000,252.0,['B-']
0882330000,30.0,['B-']
0882340000,30.0,['B-']
0892060000,0.022,['A']
0892060001,0.033,['A']
0892070000,0.027,['A']
0892080000,0.095,['A']
0892080001,0.025,['A', 'EC']
0892090000,0.098,['A']
0892100000,0.35,['A', 'EC']
0892110000,0.21,['A']
0892120000,0.93,['A', 'EC']
0892130000,0.8,['A']
0892140000,8.2,['A', 'EC']
0892150000,0.17,['A']
0892160000,0.00043999999999999996,['A']
0892160001,0.000441,['A']
0892170000,6.900000000000001e-08,['A']
0892180000,1.08e-06,['A']
0892190000,1.18e-05,['A']
0892200000,0.0264,['A']
0892210000,0.052000000000000005,['A']
0892220000,5.0,['A']
0892220001,63.0,['A', 'IT', 'EC']
0892230000,126.0,['A']
0892240000,10008.0,['A']
0892250000,864000.0,['A']
0892260000,105732.0,[]
0892270000,686601792.0,[]
0892280000,22140.0,['B-']
0892290000,3762.0,['B-']
0892300000,122.0,['B-']
0892310000,450.0,['B-']
0892320000,119.0,['B-']
0892330000,145.0,['B-']
0892340000,44.0,['B-']
0892350000,60.0,['B-']
0892360000,120.0,['B-']
0902090000,0.0038,['A']
0902100000,0.016,['A']
0902110000,0.04,['A']
0902120000,0.03,['A', 'EC']
0902130000,0.14,['A']
0902140000,0.1,['A']
0902150000,1.2,['A']
0902160000,0.026000000000000002,['A']
0902170000,0.00025100000000000003,['A']
0902180000,1.17e-07,['A']
0902190000,1.05e-06,['A']
0902200000,9.699999999999999e-06,['A']
0902210000,0.00173,['A']
0902220000,0.0022370000000000003,['A']
0902230000,0.6,['A']
0902240000,1.05,['A']
0902250000,523.2,['A', 'EC']
0902260000,1834.2,['A']
0902270000,1613952.0,['A']
0902280000,60296832.0,['A']
0902290000,231474240000.0,['A']
0902300000,2377183680000.0,['A']
0902310000,91872.0,['B-']
0902320000,4.430808e+17,['A']
0902330000,1338.0,['B-']
0902340000,2082240.0000000002,['B-']
0902350000,426.0,['B-']
0902360000,2238.0,['B-']
0902370000,282.0,['B-']
0902380000,564.0,['B-']
0912120000,0.0050999999999999995,['A']
0912130000,0.0053,['A']
0912140000,0.017,['A']
0912150000,0.014,['A']
0912160000,0.15,['A', 'EC']
0912170000,0.0036000000000000003,['A']
0912170001,0.0012,['A', 'IT']
0912180000,0.000113,['A']
0912190000,5.3000000000000005e-08,['A']
0912200000,7.799999999999999e-07,['A']
0912210000,5.9e-06,['A']
0912220000,0.0033,['A']
0912230000,0.0050999999999999995,['A']
0912240000,0.79,['A']
0912250000,1.7,['A']
0912260000,108.0,['A', 'EC']
0912270000,2298.0,['A', 'EC']
0912280000,79200.0,['A']
0912290000,129600.0,['A']
0912300000,1503359.9999999998,[]
0912310000,1033119360000.0,['A']
0912320000,114048.0,[]
0912330000,2330640.0,['B-']
0912340000,24120.0,['B-']
0912340001,69.54,[]
0912350000,1466.4,['B-']
0912360000,546.0,['B-']
0912370000,522.0,['B-']
0912380000,136.2,['B-']
0912390000,6480.0,['B-']
0912400000,120.0,['B-']
0922170000,0.016,['A']
0922180000,0.00051,['A']
0922190000,4.2e-05,['A']
0922200000,6.000000000000001e-08,[]
0922220000,1e-06,['A']
0922230000,1.8e-05,['A']
0922240000,0.0009000000000000001,['A']
0922250000,0.084,['A']
0922260000,0.35,['A']
0922270000,66.0,['A']
0922280000,546.0,['A', 'EC']
0922290000,3480.0,['EC', 'A']
0922300000,1797120.0,['A']
0922310000,362880.0,['A']
0922320000,2172830400.0,['A']
0922330000,5020531200000.0,['A']
0922340000,7742088000000.0,['A']
0922350000,2.21950368e+16,['A']
0922350001,1560.0,['IT']
0922360000,738573120000000.0,['A']
0922370000,583200.0,['B-']
0922380000,1.40902848e+17,['A']
0922390000,1407.0,['B-']
0922400000,50760.0,['B-']
0922410000,300.0,['B-']
0922420000,1008.0,['B-']
0932250000,2e-06,['A']
0932260000,0.035,['A']
0932270000,0.51,['A']
0932280000,61.4,['EC', 'A']
0932290000,240.0,['A', 'EC']
0932300000,276.0,['EC', 'A']
0932310000,2928.0,['EC', 'A']
0932320000,882.0,['EC']
0932330000,2172.0,['EC']
0932340000,380160.00000000006,['EC']
0932350000,34231680.0,['A']
0932360000,4825008000000.0,[]
0932360001,81000.0,[]
0932370000,67613184000000.0,['A']
0932380000,182908.8,['B-']
0932390000,203558.4,['B-']
0932400000,3714.0,['B-']
0932400001,433.2,[]
0932410000,834.0,['B-']
0932420000,132.0,['B-']
0932420001,330.0,['B-']
0932430000,111.0,['B-']
0932440000,137.4,['B-']
0942280000,1.1,['A']
0942290000,90.0,['A']
0942300000,102.0,['A']
0942310000,516.0,['EC', 'A']
0942320000,2027.9999999999998,['EC', 'A']
0942330000,1254.0,['EC', 'A']
0942340000,31680.000000000004,['EC', 'A']
0942350000,1518.0,['EC']
0942360000,90129888.0,['A']
0942370000,3943296.0,['EC']
0942370001,0.18,['IT']
0942380000,2765707200.0,['A']
0942390000,760332960000.0,['A']
0942400000,206907696000.0,['A']
0942410000,450649440.0,[]
0942420000,11778696000000.0,['A']
0942430000,17841.600000000002,['B-']
0942440000,2557569600000000.0,['A']
0942450000,37800.0,['B-']
0942460000,936576.0,['B-']
0942470000,196128.0,['B-']
0952310000,None,['A', 'EC']
0952320000,79.0,['EC', 'A', 'EC']
0952330000,192.0,['A']
0952340000,139.2,['EC']
0952350000,618.0,['EC', 'A']
0952360000,216.0,['EC']
0952370000,4416.0,['EC']
0952380000,5880.0,['A']
0952390000,42840.0,['A']
0952400000,182880.0,['A']
0952410000,13642473600.0,['A']
0952420000,57672.0,[]
0952420001,4446576000.0,[]
0952420010,0.014,['SF']
0952430000,232420320000.0,['A']
0952440000,36360.0,['B-']
0952440001,1560.0,[]
0952450000,7379.999999999999,['B-']
0952460000,2340.0,['B-']
0952460001,1500.0,['B-']
0952470000,1380.0,['B-']
0952480000,600.0,['B-']
0952490000,120.0,['B-']
0962330000,None,['A']
0962340000,51.0,['SF', 'A', 'EC']
0962350000,300.0,[]
0962360000,None,['EC']
0962370000,1200.0,[]
0962380000,8640.0,['EC', 'A']
0962390000,10440.0,['EC', 'A']
0962400000,2332800.0,['A']
0962410000,2833919.9999999995,['A']
0962420000,14078016.0,['A']
0962430000,917697600.0,['A']
0962440000,571116960.0,['A']
0962440001,5.000000000000001e-07,['SF']
0962450000,268056000000.0,['A']
0962460000,150111360000.0,['A']
0962470000,491961600000000.0,['A']
0962480000,10974528000000.0,['A']
0962490000,3849.0000000000005,['B-']
0962500000,261748800000.0,['SF', 'A', 'B-']
0962510000,1008.0,['B-']
0972350000,None,['A', 'EC']
0972370000,60.0,[]
0972380000,144.0,['EC', 'EF']
0972400000,288.0,[]
0972410000,276.0,['A']
0972420000,420.0,['EC']
0972430000,16200.0,['EC', 'A']
0972440000,15659.999999999998,['EC']
0972450000,426816.00000000006,['A']
0972460000,155520.0,['EC']
0972470000,43519680000.0,['A']
0972480000,283824000.0,['A']
0972480001,85320.0,[]
0972490000,27648000.0,[]
0972500000,11563.2,['B-']
0972510000,3336.0,['B-']
0972530000,600.0,[]
0972540000,120.0,['B-']
0982370000,2.1,['SF']
0982380000,0.021,['SF']
0982390000,39.0,['A']
0982400000,57.599999999999994,['A', 'SF']
0982410000,226.79999999999998,['EC', 'A']
0982420000,222.0,['A', 'EC', 'SF']
0982430000,642.0,['EC', 'A']
0982440000,1164.0,['A']
0982450000,2700.0,['EC', 'A']
0982460000,128520.00000000001,['A']
0982470000,11196.0,['A']
0982480000,28814400.0,[]
0982490000,11069136000.0,['A']
0982500000,412490880.0,['A']
0982510000,28319328000.0,['A']
0982530000,1538784.0,[]
0982540000,5227200.0,['SF', 'A']
0982550000,5100.0,['B-']
0982560000,738.0,['SF', 'B-']
0992400000,None,['A', 'EC']
0992410000,8.0,['A']
0992420000,13.5,['A', 'EC']
0992430000,21.0,['EC', 'A']
0992440000,37.0,['EC', 'A']
0992450000,66.0,['EC', 'A']
0992460000,462.0,['EC', 'A']
0992470000,273.0,['EC', 'A']
0992470001,54000000.0,['A']
0992480000,1620.0,['EC', 'A']
0992490000,6132.0,['A']
0992500000,30960.0,['EC', 'A']
0992500001,7992.000000000001,['EC']
0992510000,118800.0,['EC']
0992520000,40754880.0,['EC']
0992530000,1768608.0,['A']
0992540000,23820480.0,['A']
0992540001,141480.0,['B-', 'IT', 'A', 'EC', 'SF']
0992550000,3438719.9999999995,['B-', 'A']
0992560000,1524.0,['B-']
0992560001,27360.0,['B-']
0992570000,665280.0,[]
0992580000,120.0,['B-']
1002420000,0.0008,['SF']
1002430000,0.18,['A']
1002440000,0.0033,['SF']
1002450000,4.2,['A', 'SF']
1002460000,1.1,['A', 'SF', 'EC']
1002470000,29.0,['EC', 'A']
1002480000,36.0,['A', 'EC', 'SF']
1002490000,156.0,['EC', 'A']
1002500000,1800.0,['A', 'EC']
1002500001,1.8,['IT', 'A']
1002510000,19080.0,['EC']
1002520000,91404.0,[]
1002530000,259200.0,['EC', 'A']
1002540000,11664.0,[]
1002550000,72252.0,[]
1002560000,9456.0,['SF', 'A']
1002570000,8683200.0,[]
1002580000,0.00037,['SF']
1002590000,1.5,['SF']
1002600000,None,['SF']
1012450000,0.0009000000000000001,[]
1012450001,0.39,['A', 'EC']
1012460000,0.9,['A']
1012470000,1.12,['A']
1012470001,0.26,['A']
1012480000,7.0,['EC', 'A', 'SF']
1012490000,24.0,['A', 'EC']
1012490001,1.9,[]
1012500000,None,['EC', 'A']
1012510000,240.0,['EC', 'A']
1012520000,138.0,['EC']
1012530000,360.0,['EC']
1012540000,1680.0,['EC', 'EC']
1012540001,1680.0,[]
1012550000,1620.0,['EC', 'A', 'SF']
1012560000,4620.0,['EC', 'A', 'SF']
1012570000,19872.0,['EC', 'A', 'SF']
1012580000,4449600.0,['A']
1012580001,3420.0,['EC']
1012590000,5760.0,['SF', 'A']
1012600000,2747520.0,['SF', 'A', 'EC', 'B-']
1012610000,2400.0,['B-']
1022500000,4.2e-06,['SF', 'A']
1022510000,0.8,['A', 'SF']
1022510001,1.02,['A']
1022520000,2.44,['A', 'SF', 'EC']
1022530000,97.2,['A']
1022540000,51.0,['A', 'EC', 'SF']
1022540001,0.28,['IT']
1022550000,186.0,['A', 'EC']
1022560000,2.91,[]
1022570000,25.0,[]
1022580000,0.0012,['SF']
1022590000,3480.0,['A', 'EC', 'SF']
1022600000,0.106,['SF']
1022610000,158400.0,['A']
1022620000,0.005,['SF']
1032510000,None,['A', 'EC']
1032520000,0.36,[]
1032530000,0.57,['A', 'SF']
1032530001,1.49,['A', 'SF']
1032540000,13.0,['A', 'EC', 'SF']
1032550000,22.0,['A', 'EC', 'SF']
1032550001,2.53,['IT', 'A']
1032560000,27.0,['A', 'EC', 'SF']
1032570000,0.646,['A']
1032580000,4.1,['A', 'SF']
1032590000,6.2,['A', 'SF']
1032600000,180.0,['A', 'EC', 'SF']
1032610000,2340.0,['SF']
1032620000,14400.0,['SF']
1032630000,18000.0,[]
1042530000,4.8e-05,['SF', 'A', 'SF']
1042540000,2.3e-05,['SF']
1042550000,1.68,['SF', 'A', 'EC']
1042560000,0.0064,['SF', 'A']
1042570000,4.7,['A', 'SF', 'EC']
1042570001,3.9,['A', 'SF', 'EC']
1042580000,0.012,['SF', 'A']
1042590000,3.2,['A', 'SF']
1042600000,0.021,['SF']
1042610000,65.0,['A', 'EC', 'SF']
1042610001,81.0,['A', 'SF', 'EC']
1042620000,2.3,['SF', 'A']
1042630000,600.0,['SF']
1042640000,3600.0,[]
1042650000,None,['SF']
1052550000,1.6,['A', 'SF']
1052560000,1.6,['A', 'EC', 'SF']
1052570000,1.5,['A', 'SF']
1052570001,0.76,['A', 'SF']
1052580000,4.0,['A', 'EC', 'SF']
1052580001,20.0,['EC']
1052590000,0.51,['A']
1052600000,1.52,['A', 'SF', 'EC']
1052610000,1.8,['A', 'SF']
1052620000,35.0,['SF', 'A']
1052630000,27.0,['SF', 'A', 'EC']
1052640000,180.0,[]
1052650000,900.0,[]
1062580000,0.0029,['SF']
1062590000,0.48,['A', 'SF']
1062600000,0.0036000000000000003,['A', 'SF']
1062610000,0.23,['A', 'SF']
1062620000,0.006900000000000001,['SF', 'A']
1062630000,1.0,['A', 'SF']
1062630001,0.12,[]
1062640000,0.037,['SF', 'A']
1062650000,8.0,['SF', 'A']
1062660000,21.0,['SF', 'A']
1062690000,None,['A']
1072600000,0.0003,['A']
1072610000,0.012,['A', 'SF']
1072620000,0.10200000000000001,['A', 'A']
1072620001,0.022,['A']
1072630000,0.0002,[]
1072640000,0.44,['A']
1072650000,0.9,['A']
1072660000,1.7,['A']
1072670000,17.0,['A']
1072690000,None,['A']
1082630000,None,['A']
1082640000,0.0008,['SF', 'A']
1082650000,0.002,['A', 'SF']
1082650001,0.0003,['A']
1082660000,0.0023,['A', 'SF']
1082670000,0.052000000000000005,['A', 'SF']
1082680000,1.2,['A']
1082690000,9.7,['A']
1082730000,None,['A']
1092650000,120.0,['A']
1092660000,0.0017,['A']
1092660001,0.0017,['A']
1092670000,0.01,[]
1092680000,0.021,['A']
1092690000,0.05,['A']
1092700000,0.005,['A']
1092710000,5.0,['A']
1092730000,20.0,['A', 'SF']
1102670000,2.8e-06,['A']
1102680000,0.0001,['A']
1102690000,0.000179,['A']
1102700000,0.0001,['A', 'SF']
1102700001,0.009000000000000001,['A', 'IT']
1102710000,0.00163,['A']
1102710001,0.069,['A']
1102720000,1.0,[]
1102730000,0.00017,['A']
1102790001,0.18,['SF', 'A']
1112720000,0.0038,['A']
